section_id,label,sort_order,height_m,distance_m,raw_height_m,line_style,value_state
A1-01,Section 1,1,-3.0,0.0,-66.07149505615234,solid,water_floor
A1-01,Section 1,1,-3.0,1.0,-64.75428009033203,solid,water_floor
A1-01,Section 1,1,-3.0,2.0,-71.3021240234375,solid,water_floor
A1-01,Section 1,1,-3.0,3.0,-66.976806640625,solid,water_floor
A1-01,Section 1,1,-3.0,4.0,-70.6075210571289,solid,water_floor
A1-01,Section 1,1,-3.0,5.0,-70.77731323242188,solid,water_floor
A1-01,Section 1,1,-3.0,6.0,-78.10577392578125,solid,water_floor
A1-01,Section 1,1,-3.0,7.0,-67.95137786865234,solid,water_floor
A1-01,Section 1,1,-3.0,8.0,-65.4787826538086,solid,water_floor
A1-01,Section 1,1,-3.0,9.0,-71.90758514404297,solid,water_floor
A1-01,Section 1,1,-3.0,10.0,-68.4771728515625,solid,water_floor
A1-01,Section 1,1,-3.0,11.0,-64.44801330566406,solid,water_floor
A1-01,Section 1,1,-3.0,12.0,-64.87864685058594,solid,water_floor
A1-01,Section 1,1,-3.0,13.0,-63.09331130981445,solid,water_floor
A1-01,Section 1,1,-3.0,14.0,-62.689964294433594,solid,water_floor
A1-01,Section 1,1,-3.0,15.0,-60.428062438964844,solid,water_floor
A1-01,Section 1,1,-3.0,16.0,-60.94818878173828,solid,water_floor
A1-01,Section 1,1,-3.0,17.0,-63.907379150390625,solid,water_floor
A1-01,Section 1,1,-3.0,18.0,-61.79507827758789,solid,water_floor
A1-01,Section 1,1,-3.0,19.0,-61.03081512451172,solid,water_floor
A1-01,Section 1,1,-3.0,20.0,-64.16947174072266,solid,water_floor
A1-01,Section 1,1,-3.0,21.0,-59.42356491088867,solid,water_floor
A1-01,Section 1,1,-3.0,22.0,-59.870880126953125,solid,water_floor
A1-01,Section 1,1,-3.0,23.0,-60.30112838745117,solid,water_floor
A1-01,Section 1,1,-3.0,24.0,-59.66687774658203,solid,water_floor
A1-01,Section 1,1,-3.0,25.0,-58.38994598388672,solid,water_floor
A1-01,Section 1,1,-3.0,26.0,-58.145355224609375,solid,water_floor
A1-01,Section 1,1,-3.0,27.0,-59.28443908691406,solid,water_floor
A1-01,Section 1,1,-3.0,28.0,-57.737876892089844,solid,water_floor
A1-01,Section 1,1,-3.0,29.0,-61.726707458496094,solid,water_floor
A1-01,Section 1,1,-3.0,30.0,-60.69855499267578,solid,water_floor
A1-01,Section 1,1,-3.0,31.0,-58.1187744140625,solid,water_floor
A1-01,Section 1,1,-3.0,32.0,-51.435707092285156,solid,water_floor
A1-01,Section 1,1,-3.0,33.0,-48.84314727783203,solid,water_floor
A1-01,Section 1,1,-3.0,34.0,-59.67702865600586,solid,water_floor
A1-01,Section 1,1,-3.0,35.0,-57.465476989746094,solid,water_floor
A1-01,Section 1,1,-3.0,36.0,-59.77771759033203,solid,water_floor
A1-01,Section 1,1,-3.0,37.0,-60.32647705078125,solid,water_floor
A1-01,Section 1,1,-3.0,38.0,-53.994346618652344,solid,water_floor
A1-01,Section 1,1,-3.0,39.0,-56.93104553222656,solid,water_floor
A1-01,Section 1,1,-3.0,40.0,-54.31412124633789,solid,water_floor
A1-01,Section 1,1,-3.0,41.0,-50.48708724975586,solid,water_floor
A1-01,Section 1,1,-3.0,42.0,-52.3575553894043,solid,water_floor
A1-01,Section 1,1,-3.0,43.0,-63.47136688232422,solid,water_floor
A1-01,Section 1,1,-3.0,44.0,-53.90653610229492,solid,water_floor
A1-01,Section 1,1,-3.0,45.0,-58.804466247558594,solid,water_floor
A1-01,Section 1,1,-3.0,46.0,-58.82516098022461,solid,water_floor
A1-01,Section 1,1,-3.0,47.0,-58.41843795776367,solid,water_floor
A1-01,Section 1,1,-3.0,48.0,-49.44853591918945,solid,water_floor
A1-01,Section 1,1,-3.0,49.0,-48.439231872558594,solid,water_floor
A1-01,Section 1,1,-3.0,50.0,-51.19123077392578,solid,water_floor
A1-01,Section 1,1,-3.0,51.0,-45.55854415893555,solid,water_floor
A1-01,Section 1,1,-3.0,52.0,-46.91689682006836,solid,water_floor
A1-01,Section 1,1,-3.0,53.0,-41.0273551940918,solid,water_floor
A1-01,Section 1,1,-3.0,54.0,-37.1954231262207,solid,water_floor
A1-01,Section 1,1,-3.0,55.0,-51.42294692993164,solid,water_floor
A1-01,Section 1,1,-3.0,56.0,-44.47843933105469,solid,water_floor
A1-01,Section 1,1,-3.0,57.0,-51.109771728515625,solid,water_floor
A1-01,Section 1,1,-3.0,58.0,-51.69477081298828,solid,water_floor
A1-01,Section 1,1,-3.0,59.0,-52.95746612548828,solid,water_floor
A1-01,Section 1,1,-3.0,60.0,-50.83826446533203,solid,water_floor
A1-01,Section 1,1,-3.0,61.0,-46.668365478515625,solid,water_floor
A1-01,Section 1,1,-3.0,62.0,-46.18572235107422,solid,water_floor
A1-01,Section 1,1,-3.0,63.0,-46.107208251953125,solid,water_floor
A1-01,Section 1,1,-3.0,64.0,-42.223270416259766,solid,water_floor
A1-01,Section 1,1,-3.0,65.0,-35.04949951171875,solid,water_floor
A1-01,Section 1,1,-3.0,66.0,-30.523441314697266,solid,water_floor
A1-01,Section 1,1,-3.0,67.0,-40.7611083984375,solid,water_floor
A1-01,Section 1,1,-3.0,68.0,-26.051366806030273,solid,water_floor
A1-01,Section 1,1,-3.0,69.0,-20.082416534423828,solid,water_floor
A1-01,Section 1,1,-3.0,70.0,-16.163164138793945,solid,water_floor
A1-01,Section 1,1,-3.0,71.0,-24.833322525024414,solid,water_floor
A1-01,Section 1,1,-3.0,72.0,-24.359691619873047,solid,water_floor
A1-01,Section 1,1,-3.0,73.0,-10.745636940002441,solid,water_floor
A1-01,Section 1,1,-3.0,74.0,-17.824787139892578,solid,water_floor
A1-01,Section 1,1,-3.0,75.0,-20.519248962402344,solid,water_floor
A1-01,Section 1,1,-3.0,76.0,-18.255638122558594,solid,water_floor
A1-01,Section 1,1,-3.0,77.0,-16.9986572265625,solid,water_floor
A1-01,Section 1,1,-3.0,78.0,-15.275649070739746,solid,water_floor
A1-01,Section 1,1,-3.0,79.0,-16.990863800048828,solid,water_floor
A1-01,Section 1,1,-3.0,80.0,-11.687350273132324,solid,water_floor
A1-01,Section 1,1,-3.0,81.0,-12.220582008361816,solid,water_floor
A1-01,Section 1,1,-3.0,82.0,-21.252941131591797,solid,water_floor
A1-01,Section 1,1,-3.0,83.0,-15.09377384185791,solid,water_floor
A1-01,Section 1,1,-3.0,84.0,-16.852519989013672,solid,water_floor
A1-01,Section 1,1,-3.0,85.0,-17.223716735839844,solid,water_floor
A1-01,Section 1,1,-3.0,86.0,-9.798508644104004,solid,water_floor
A1-01,Section 1,1,-3.0,87.0,-9.38963508605957,solid,water_floor
A1-01,Section 1,1,-3.0,88.0,-3.335580825805664,solid,water_floor
A1-01,Section 1,1,-2.8750922679901123,89.0,-2.8750922679901123,solid,sampled
A1-01,Section 1,1,-2.430555820465088,90.0,-2.430555820465088,solid,sampled
A1-01,Section 1,1,-2.332385778427124,91.0,-2.332385778427124,solid,sampled
A1-01,Section 1,1,-2.641470193862915,92.0,-2.641470193862915,solid,sampled
A1-01,Section 1,1,-2.376704216003418,93.0,-2.376704216003418,solid,sampled
A1-01,Section 1,1,-2.3021631240844727,94.0,-2.3021631240844727,solid,sampled
A1-01,Section 1,1,-2.3328192234039307,95.0,-2.3328192234039307,solid,sampled
A1-01,Section 1,1,-2.3818955421447754,96.0,-2.3818955421447754,solid,sampled
A1-01,Section 1,1,-2.2577288150787354,97.0,-2.2577288150787354,solid,sampled
A1-01,Section 1,1,-2.294787883758545,98.0,-2.294787883758545,solid,sampled
A1-01,Section 1,1,-2.2942991256713867,99.0,-2.2942991256713867,solid,sampled
A1-01,Section 1,1,-2.2698616981506348,100.0,-2.2698616981506348,solid,sampled
A1-01,Section 1,1,-2.3026607036590576,101.0,-2.3026607036590576,solid,sampled
A1-01,Section 1,1,-2.2551848888397217,102.0,-2.2551848888397217,solid,sampled
A1-01,Section 1,1,-2.2920918464660645,103.0,-2.2920918464660645,solid,sampled
A1-01,Section 1,1,-2.288867473602295,104.0,-2.288867473602295,solid,sampled
A1-01,Section 1,1,-2.294567584991455,105.0,-2.294567584991455,solid,sampled
A1-01,Section 1,1,-2.2905421257019043,106.0,-2.2905421257019043,solid,sampled
A1-01,Section 1,1,-2.282365322113037,107.0,-2.282365322113037,solid,sampled
A1-01,Section 1,1,-2.277153968811035,108.0,-2.277153968811035,solid,sampled
A1-01,Section 1,1,-2.296694278717041,109.0,-2.296694278717041,solid,sampled
A1-01,Section 1,1,-2.247687816619873,110.0,-2.247687816619873,solid,sampled
A1-01,Section 1,1,-2.2550055980682373,111.0,-2.2550055980682373,solid,sampled
A1-01,Section 1,1,-2.247870445251465,112.0,-2.247870445251465,solid,sampled
A1-01,Section 1,1,-2.236537456512451,113.0,-2.236537456512451,solid,sampled
A1-01,Section 1,1,-2.22683048248291,114.0,-2.22683048248291,solid,sampled
A1-01,Section 1,1,-2.206599712371826,115.0,-2.206599712371826,solid,sampled
A1-01,Section 1,1,-2.2173972129821777,116.0,-2.2173972129821777,solid,sampled
A1-01,Section 1,1,-2.198730230331421,117.0,-2.198730230331421,solid,sampled
A1-01,Section 1,1,-2.21456241607666,118.0,-2.21456241607666,solid,sampled
A1-01,Section 1,1,-2.1937644481658936,119.0,-2.1937644481658936,solid,sampled
A1-01,Section 1,1,-2.1943984031677246,120.0,-2.1943984031677246,solid,sampled
A1-01,Section 1,1,-2.1801834106445312,121.0,-2.1801834106445312,solid,sampled
A1-01,Section 1,1,-2.1694679260253906,122.0,-2.1694679260253906,solid,sampled
A1-01,Section 1,1,-2.18499755859375,123.0,-2.18499755859375,solid,sampled
A1-01,Section 1,1,-2.1756362915039062,124.0,-2.1756362915039062,solid,sampled
A1-01,Section 1,1,-2.174880027770996,125.0,-2.174880027770996,solid,sampled
A1-01,Section 1,1,-2.1614246368408203,126.0,-2.1614246368408203,solid,sampled
A1-01,Section 1,1,-2.1637909412384033,127.0,-2.1637909412384033,solid,sampled
A1-01,Section 1,1,-2.156231641769409,128.0,-2.156231641769409,solid,sampled
A1-01,Section 1,1,-2.155485153198242,129.0,-2.155485153198242,solid,sampled
A1-01,Section 1,1,-2.149141311645508,130.0,-2.149141311645508,solid,sampled
A1-01,Section 1,1,-2.163663864135742,131.0,-2.163663864135742,solid,sampled
A1-01,Section 1,1,-2.159379005432129,132.0,-2.159379005432129,solid,sampled
A1-01,Section 1,1,-2.1579086780548096,133.0,-2.1579086780548096,solid,sampled
A1-01,Section 1,1,-2.152770757675171,134.0,-2.152770757675171,solid,sampled
A1-01,Section 1,1,-2.139732837677002,135.0,-2.139732837677002,solid,sampled
A1-01,Section 1,1,-2.1512715816497803,136.0,-2.1512715816497803,solid,sampled
A1-01,Section 1,1,-2.1465635299682617,137.0,-2.1465635299682617,solid,sampled
A1-01,Section 1,1,-2.152541399002075,138.0,-2.152541399002075,solid,sampled
A1-01,Section 1,1,-2.15482759475708,139.0,-2.15482759475708,solid,sampled
A1-01,Section 1,1,-2.155830144882202,140.0,-2.155830144882202,solid,sampled
A1-01,Section 1,1,-2.14925479888916,141.0,-2.14925479888916,solid,sampled
A1-01,Section 1,1,-2.153550863265991,142.0,-2.153550863265991,solid,sampled
A1-01,Section 1,1,-2.1511287689208984,143.0,-2.1511287689208984,solid,sampled
A1-01,Section 1,1,-2.1539623737335205,144.0,-2.1539623737335205,solid,sampled
A1-01,Section 1,1,-2.146287679672241,145.0,-2.146287679672241,solid,sampled
A1-01,Section 1,1,-2.1536865234375,146.0,-2.1536865234375,solid,sampled
A1-01,Section 1,1,-2.145078420639038,147.0,-2.145078420639038,solid,sampled
A1-01,Section 1,1,-2.1466946601867676,148.0,-2.1466946601867676,solid,sampled
A1-01,Section 1,1,-2.147336483001709,149.0,-2.147336483001709,solid,sampled
A1-01,Section 1,1,-2.1424241065979004,150.0,-2.1424241065979004,solid,sampled
A1-01,Section 1,1,-2.141047477722168,151.0,-2.141047477722168,solid,sampled
A1-01,Section 1,1,-2.130373001098633,152.0,-2.130373001098633,solid,sampled
A1-01,Section 1,1,-2.1376895904541016,153.0,-2.1376895904541016,solid,sampled
A1-01,Section 1,1,-2.1336891651153564,154.0,-2.1336891651153564,solid,sampled
A1-01,Section 1,1,-2.1385343074798584,155.0,-2.1385343074798584,solid,sampled
A1-01,Section 1,1,-2.142726182937622,156.0,-2.142726182937622,solid,sampled
A1-01,Section 1,1,-2.138942241668701,157.0,-2.138942241668701,solid,sampled
A1-01,Section 1,1,-2.135110855102539,158.0,-2.135110855102539,solid,sampled
A1-01,Section 1,1,-2.1252715587615967,159.0,-2.1252715587615967,solid,sampled
A1-01,Section 1,1,-2.1287364959716797,160.0,-2.1287364959716797,solid,sampled
A1-01,Section 1,1,-2.1186318397521973,161.0,-2.1186318397521973,solid,sampled
A1-01,Section 1,1,-2.134481191635132,162.0,-2.134481191635132,solid,sampled
A1-01,Section 1,1,-2.141847848892212,163.0,-2.141847848892212,solid,sampled
A1-01,Section 1,1,-2.151848316192627,164.0,-2.151848316192627,solid,sampled
A1-01,Section 1,1,-2.152885913848877,165.0,-2.152885913848877,solid,sampled
A1-01,Section 1,1,-2.1390061378479004,166.0,-2.1390061378479004,solid,sampled
A1-01,Section 1,1,-2.148439884185791,167.0,-2.148439884185791,solid,sampled
A1-01,Section 1,1,-2.147000789642334,168.0,-2.147000789642334,solid,sampled
A1-01,Section 1,1,-2.133024215698242,169.0,-2.133024215698242,solid,sampled
A1-01,Section 1,1,-2.1566882133483887,170.0,-2.1566882133483887,solid,sampled
A1-01,Section 1,1,-2.159029006958008,171.0,-2.159029006958008,solid,sampled
A1-01,Section 1,1,-2.1493382453918457,172.0,-2.1493382453918457,solid,sampled
A1-01,Section 1,1,-2.1610324382781982,173.0,-2.1610324382781982,solid,sampled
A1-01,Section 1,1,-2.1562952995300293,174.0,-2.1562952995300293,solid,sampled
A1-01,Section 1,1,-2.153524398803711,175.0,-2.153524398803711,solid,sampled
A1-01,Section 1,1,-2.1555051803588867,176.0,-2.1555051803588867,solid,sampled
A1-01,Section 1,1,-2.152909994125366,177.0,-2.152909994125366,solid,sampled
A1-01,Section 1,1,-2.143893241882324,178.0,-2.143893241882324,solid,sampled
A1-01,Section 1,1,-2.167004108428955,179.0,-2.167004108428955,solid,sampled
A1-01,Section 1,1,-2.1658644676208496,180.0,-2.1658644676208496,solid,sampled
A1-01,Section 1,1,-2.181630849838257,181.0,-2.181630849838257,solid,sampled
A1-01,Section 1,1,-2.176304578781128,182.0,-2.176304578781128,solid,sampled
A1-01,Section 1,1,-2.166830062866211,183.0,-2.166830062866211,solid,sampled
A1-01,Section 1,1,-2.1774585247039795,184.0,-2.1774585247039795,solid,sampled
A1-01,Section 1,1,-2.195406436920166,185.0,-2.195406436920166,solid,sampled
A1-01,Section 1,1,-2.203272581100464,186.0,-2.203272581100464,solid,sampled
A1-01,Section 1,1,-2.1688754558563232,187.0,-2.1688754558563232,solid,sampled
A1-01,Section 1,1,-2.177802324295044,188.0,-2.177802324295044,solid,sampled
A1-01,Section 1,1,-2.1547069549560547,189.0,-2.1547069549560547,solid,sampled
A1-01,Section 1,1,-2.1607577800750732,190.0,-2.1607577800750732,solid,sampled
A1-01,Section 1,1,-2.1443064212799072,191.0,-2.1443064212799072,solid,sampled
A1-01,Section 1,1,-2.1681976318359375,192.0,-2.1681976318359375,solid,sampled
A1-01,Section 1,1,-2.151811361312866,193.0,-2.151811361312866,solid,sampled
A1-01,Section 1,1,-2.174640655517578,194.0,-2.174640655517578,solid,sampled
A1-01,Section 1,1,-2.143618583679199,195.0,-2.143618583679199,solid,sampled
A1-01,Section 1,1,-2.1689298152923584,196.0,-2.1689298152923584,solid,sampled
A1-01,Section 1,1,-2.166471242904663,197.0,-2.166471242904663,solid,sampled
A1-01,Section 1,1,-2.151873826980591,198.0,-2.151873826980591,solid,sampled
A1-01,Section 1,1,-2.1827359199523926,199.0,-2.1827359199523926,solid,sampled
A1-01,Section 1,1,-2.153337240219116,200.0,-2.153337240219116,solid,sampled
A1-01,Section 1,1,-2.149991512298584,201.0,-2.149991512298584,solid,sampled
A1-01,Section 1,1,-2.163365125656128,202.0,-2.163365125656128,solid,sampled
A1-01,Section 1,1,-2.162708044052124,203.0,-2.162708044052124,solid,sampled
A1-01,Section 1,1,-2.1811728477478027,204.0,-2.1811728477478027,solid,sampled
A1-01,Section 1,1,-2.1867964267730713,205.0,-2.1867964267730713,solid,sampled
A1-01,Section 1,1,-2.1717991828918457,206.0,-2.1717991828918457,solid,sampled
A1-01,Section 1,1,-2.180701971054077,207.0,-2.180701971054077,solid,sampled
A1-01,Section 1,1,-2.1807165145874023,208.0,-2.1807165145874023,solid,sampled
A1-01,Section 1,1,-2.2020721435546875,209.0,-2.2020721435546875,solid,sampled
A1-01,Section 1,1,-2.1889684200286865,210.0,-2.1889684200286865,solid,sampled
A1-01,Section 1,1,-2.1891045570373535,211.0,-2.1891045570373535,solid,sampled
A1-01,Section 1,1,-2.1791276931762695,212.0,-2.1791276931762695,solid,sampled
A1-01,Section 1,1,-2.18664813041687,213.0,-2.18664813041687,solid,sampled
A1-01,Section 1,1,-2.1817593574523926,214.0,-2.1817593574523926,solid,sampled
A1-01,Section 1,1,-2.1813647747039795,215.0,-2.1813647747039795,solid,sampled
A1-01,Section 1,1,-2.1603243350982666,216.0,-2.1603243350982666,solid,sampled
A1-01,Section 1,1,-2.19023060798645,217.0,-2.19023060798645,solid,sampled
A1-01,Section 1,1,-2.165297508239746,218.0,-2.165297508239746,solid,sampled
A1-01,Section 1,1,-2.1783998012542725,219.0,-2.1783998012542725,solid,sampled
A1-01,Section 1,1,-2.1847078800201416,220.0,-2.1847078800201416,solid,sampled
A1-01,Section 1,1,-2.1779026985168457,221.0,-2.1779026985168457,solid,sampled
A1-01,Section 1,1,-2.1828441619873047,222.0,-2.1828441619873047,solid,sampled
A1-01,Section 1,1,-2.1663150787353516,223.0,-2.1663150787353516,solid,sampled
A1-01,Section 1,1,-2.1672377586364746,224.0,-2.1672377586364746,solid,sampled
A1-01,Section 1,1,-2.1653010845184326,225.0,-2.1653010845184326,solid,sampled
A1-01,Section 1,1,-2.1627883911132812,226.0,-2.1627883911132812,solid,sampled
A1-01,Section 1,1,-2.174861431121826,227.0,-2.174861431121826,solid,sampled
A1-01,Section 1,1,-2.175990104675293,228.0,-2.175990104675293,solid,sampled
A1-01,Section 1,1,-2.171329975128174,229.0,-2.171329975128174,solid,sampled
A1-01,Section 1,1,-2.1828866004943848,230.0,-2.1828866004943848,solid,sampled
A1-01,Section 1,1,-2.159349203109741,231.0,-2.159349203109741,solid,sampled
A1-01,Section 1,1,-2.158140182495117,232.0,-2.158140182495117,solid,sampled
A1-01,Section 1,1,-2.158515214920044,233.0,-2.158515214920044,solid,sampled
A1-01,Section 1,1,-2.1699182987213135,234.0,-2.1699182987213135,solid,sampled
A1-01,Section 1,1,-2.162722110748291,235.0,-2.162722110748291,solid,sampled
A1-01,Section 1,1,-2.1546630859375,236.0,-2.1546630859375,solid,sampled
A1-01,Section 1,1,-2.1418566703796387,237.0,-2.1418566703796387,solid,sampled
A1-01,Section 1,1,-2.1566483974456787,238.0,-2.1566483974456787,solid,sampled
A1-01,Section 1,1,-2.158168315887451,239.0,-2.158168315887451,solid,sampled
A1-01,Section 1,1,-2.1522483825683594,240.0,-2.1522483825683594,solid,sampled
A1-01,Section 1,1,-2.151082754135132,241.0,-2.151082754135132,solid,sampled
A1-01,Section 1,1,-2.1348493099212646,242.0,-2.1348493099212646,solid,sampled
A1-01,Section 1,1,-2.1409521102905273,243.0,-2.1409521102905273,solid,sampled
A1-01,Section 1,1,-2.1653878688812256,244.0,-2.1653878688812256,solid,sampled
A1-01,Section 1,1,-2.162525177001953,245.0,-2.162525177001953,solid,sampled
A1-01,Section 1,1,-2.1579301357269287,246.0,-2.1579301357269287,solid,sampled
A1-01,Section 1,1,-2.169741153717041,247.0,-2.169741153717041,solid,sampled
A1-01,Section 1,1,-2.1624231338500977,248.0,-2.1624231338500977,solid,sampled
A1-01,Section 1,1,-2.1674933433532715,249.0,-2.1674933433532715,solid,sampled
A1-01,Section 1,1,-2.175881862640381,250.0,-2.175881862640381,solid,sampled
A1-01,Section 1,1,-2.1849660873413086,251.0,-2.1849660873413086,solid,sampled
A1-01,Section 1,1,-2.177953004837036,252.0,-2.177953004837036,solid,sampled
A1-01,Section 1,1,-2.187998056411743,253.0,-2.187998056411743,solid,sampled
A1-01,Section 1,1,-2.1553421020507812,254.0,-2.1553421020507812,solid,sampled
A1-01,Section 1,1,-2.171976089477539,255.0,-2.171976089477539,solid,sampled
A1-01,Section 1,1,-2.173201084136963,256.0,-2.173201084136963,solid,sampled
A1-01,Section 1,1,-2.1670308113098145,257.0,-2.1670308113098145,solid,sampled
A1-01,Section 1,1,-2.1608047485351562,258.0,-2.1608047485351562,solid,sampled
A1-01,Section 1,1,-2.159693717956543,259.0,-2.159693717956543,solid,sampled
A1-01,Section 1,1,-2.155611515045166,260.0,-2.155611515045166,solid,sampled
A1-01,Section 1,1,-2.145531177520752,261.0,-2.145531177520752,solid,sampled
A1-01,Section 1,1,-2.1421031951904297,262.0,-2.1421031951904297,solid,sampled
A1-01,Section 1,1,-2.1378157138824463,263.0,-2.1378157138824463,solid,sampled
A1-01,Section 1,1,-2.15173602104187,264.0,-2.15173602104187,solid,sampled
A1-01,Section 1,1,-2.1384479999542236,265.0,-2.1384479999542236,solid,sampled
A1-01,Section 1,1,-2.1307005882263184,266.0,-2.1307005882263184,solid,sampled
A1-01,Section 1,1,-2.1411831378936768,267.0,-2.1411831378936768,solid,sampled
A1-01,Section 1,1,-2.154345989227295,268.0,-2.154345989227295,solid,sampled
A1-01,Section 1,1,-2.1578121185302734,269.0,-2.1578121185302734,solid,sampled
A1-01,Section 1,1,-2.152146816253662,270.0,-2.152146816253662,solid,sampled
A1-01,Section 1,1,-2.1333768367767334,271.0,-2.1333768367767334,solid,sampled
A1-01,Section 1,1,-2.136622428894043,272.0,-2.136622428894043,solid,sampled
A1-01,Section 1,1,-2.1406967639923096,273.0,-2.1406967639923096,solid,sampled
A1-01,Section 1,1,-2.1514859199523926,274.0,-2.1514859199523926,solid,sampled
A1-01,Section 1,1,-2.152743339538574,275.0,-2.152743339538574,solid,sampled
A1-01,Section 1,1,-2.1513633728027344,276.0,-2.1513633728027344,solid,sampled
A1-01,Section 1,1,-2.147573947906494,277.0,-2.147573947906494,solid,sampled
A1-01,Section 1,1,-2.1481547355651855,278.0,-2.1481547355651855,solid,sampled
A1-01,Section 1,1,-2.143606662750244,279.0,-2.143606662750244,solid,sampled
A1-01,Section 1,1,-2.1444599628448486,280.0,-2.1444599628448486,solid,sampled
A1-01,Section 1,1,-2.1245322227478027,281.0,-2.1245322227478027,solid,sampled
A1-01,Section 1,1,-2.1185741424560547,282.0,-2.1185741424560547,solid,sampled
A1-01,Section 1,1,-2.116095542907715,283.0,-2.116095542907715,solid,sampled
A1-01,Section 1,1,-2.13321590423584,284.0,-2.13321590423584,solid,sampled
A1-01,Section 1,1,-2.122116804122925,285.0,-2.122116804122925,solid,sampled
A1-01,Section 1,1,-2.1134371757507324,286.0,-2.1134371757507324,solid,sampled
A1-01,Section 1,1,-2.1038331985473633,287.0,-2.1038331985473633,solid,sampled
A1-01,Section 1,1,-2.1183838844299316,288.0,-2.1183838844299316,solid,sampled
A1-01,Section 1,1,-2.1004738807678223,289.0,-2.1004738807678223,solid,sampled
A1-01,Section 1,1,-2.1039180755615234,290.0,-2.1039180755615234,solid,sampled
A1-01,Section 1,1,-2.1025428771972656,291.0,-2.1025428771972656,solid,sampled
A1-01,Section 1,1,-2.1154608726501465,292.0,-2.1154608726501465,solid,sampled
A1-01,Section 1,1,-2.096737861633301,293.0,-2.096737861633301,solid,sampled
A1-01,Section 1,1,-2.096687078475952,294.0,-2.096687078475952,solid,sampled
A1-01,Section 1,1,-2.091097354888916,295.0,-2.091097354888916,solid,sampled
A1-01,Section 1,1,-2.084278106689453,296.0,-2.084278106689453,solid,sampled
A1-01,Section 1,1,-2.0809028148651123,297.0,-2.0809028148651123,solid,sampled
A1-01,Section 1,1,-2.0831305980682373,298.0,-2.0831305980682373,solid,sampled
A1-01,Section 1,1,-2.0889945030212402,299.0,-2.0889945030212402,solid,sampled
A1-01,Section 1,1,-2.0740714073181152,300.0,-2.0740714073181152,solid,sampled
A1-01,Section 1,1,-2.067615270614624,301.0,-2.067615270614624,solid,sampled
A1-01,Section 1,1,-2.0672237873077393,302.0,-2.0672237873077393,solid,sampled
A1-01,Section 1,1,-2.0836448669433594,303.0,-2.0836448669433594,solid,sampled
A1-01,Section 1,1,-2.076030731201172,304.0,-2.076030731201172,solid,sampled
A1-01,Section 1,1,-2.0649490356445312,305.0,-2.0649490356445312,solid,sampled
A1-01,Section 1,1,-2.0578370094299316,306.0,-2.0578370094299316,solid,sampled
A1-01,Section 1,1,-2.066358804702759,307.0,-2.066358804702759,solid,sampled
A1-01,Section 1,1,-2.062147855758667,308.0,-2.062147855758667,solid,sampled
A1-01,Section 1,1,-2.053898334503174,309.0,-2.053898334503174,solid,sampled
A1-01,Section 1,1,-2.0525262355804443,310.0,-2.0525262355804443,solid,sampled
A1-01,Section 1,1,-2.04978346824646,311.0,-2.04978346824646,solid,sampled
A1-01,Section 1,1,-2.0472259521484375,312.0,-2.0472259521484375,solid,sampled
A1-01,Section 1,1,-2.0418999195098877,313.0,-2.0418999195098877,solid,sampled
A1-01,Section 1,1,-2.033984661102295,314.0,-2.033984661102295,solid,sampled
A1-01,Section 1,1,-2.0388312339782715,315.0,-2.0388312339782715,solid,sampled
A1-01,Section 1,1,-2.0359833240509033,316.0,-2.0359833240509033,solid,sampled
A1-01,Section 1,1,-2.033712863922119,317.0,-2.033712863922119,solid,sampled
A1-01,Section 1,1,-2.0354509353637695,318.0,-2.0354509353637695,solid,sampled
A1-01,Section 1,1,-2.0318610668182373,319.0,-2.0318610668182373,solid,sampled
A1-01,Section 1,1,-2.0266146659851074,320.0,-2.0266146659851074,solid,sampled
A1-01,Section 1,1,-2.021442174911499,321.0,-2.021442174911499,solid,sampled
A1-01,Section 1,1,-2.039917230606079,322.0,-2.039917230606079,solid,sampled
A1-01,Section 1,1,-2.050874710083008,323.0,-2.050874710083008,solid,sampled
A1-01,Section 1,1,-2.070262908935547,324.0,-2.070262908935547,solid,sampled
A1-01,Section 1,1,-2.071521282196045,325.0,-2.071521282196045,solid,sampled
A1-01,Section 1,1,-2.0740134716033936,326.0,-2.0740134716033936,solid,sampled
A1-01,Section 1,1,-2.0769002437591553,327.0,-2.0769002437591553,solid,sampled
A1-01,Section 1,1,-2.0703859329223633,328.0,-2.0703859329223633,solid,sampled
A1-01,Section 1,1,-2.0652031898498535,329.0,-2.0652031898498535,solid,sampled
A1-01,Section 1,1,-2.0715389251708984,330.0,-2.0715389251708984,solid,sampled
A1-01,Section 1,1,-2.0677502155303955,331.0,-2.0677502155303955,solid,sampled
A1-01,Section 1,1,-2.0762546062469482,332.0,-2.0762546062469482,solid,sampled
A1-01,Section 1,1,-2.0642876625061035,333.0,-2.0642876625061035,solid,sampled
A1-01,Section 1,1,-2.0616049766540527,334.0,-2.0616049766540527,solid,sampled
A1-01,Section 1,1,-2.06144380569458,335.0,-2.06144380569458,solid,sampled
A1-01,Section 1,1,-2.0527615547180176,336.0,-2.0527615547180176,solid,sampled
A1-01,Section 1,1,-2.070089340209961,337.0,-2.070089340209961,solid,sampled
A1-01,Section 1,1,-2.053938388824463,338.0,-2.053938388824463,solid,sampled
A1-01,Section 1,1,-2.0520272254943848,339.0,-2.0520272254943848,solid,sampled
A1-01,Section 1,1,-2.0577237606048584,340.0,-2.0577237606048584,solid,sampled
A1-01,Section 1,1,-2.0699586868286133,341.0,-2.0699586868286133,solid,sampled
A1-01,Section 1,1,-2.0838675498962402,342.0,-2.0838675498962402,solid,sampled
A1-01,Section 1,1,-2.0834085941314697,343.0,-2.0834085941314697,solid,sampled
A1-01,Section 1,1,-2.090031623840332,344.0,-2.090031623840332,solid,sampled
A1-01,Section 1,1,-2.1041955947875977,345.0,-2.1041955947875977,solid,sampled
A1-01,Section 1,1,-2.1134743690490723,346.0,-2.1134743690490723,solid,sampled
A1-01,Section 1,1,-2.1254730224609375,347.0,-2.1254730224609375,solid,sampled
A1-01,Section 1,1,-2.136091947555542,348.0,-2.136091947555542,solid,sampled
A1-01,Section 1,1,-2.1338067054748535,349.0,-2.1338067054748535,solid,sampled
A1-01,Section 1,1,-2.1381683349609375,350.0,-2.1381683349609375,solid,sampled
A1-01,Section 1,1,-2.1351823806762695,351.0,-2.1351823806762695,solid,sampled
A1-01,Section 1,1,-2.133390188217163,352.0,-2.133390188217163,solid,sampled
A1-01,Section 1,1,-2.1404576301574707,353.0,-2.1404576301574707,solid,sampled
A1-01,Section 1,1,-2.127171039581299,354.0,-2.127171039581299,solid,sampled
A1-01,Section 1,1,-2.1341614723205566,355.0,-2.1341614723205566,solid,sampled
A1-01,Section 1,1,-2.129265069961548,356.0,-2.129265069961548,solid,sampled
A1-01,Section 1,1,-2.1460514068603516,357.0,-2.1460514068603516,solid,sampled
A1-01,Section 1,1,-2.1466166973114014,358.0,-2.1466166973114014,solid,sampled
A1-01,Section 1,1,-2.148733377456665,359.0,-2.148733377456665,solid,sampled
A1-01,Section 1,1,-2.1509318351745605,360.0,-2.1509318351745605,solid,sampled
A1-01,Section 1,1,-2.1574554443359375,361.0,-2.1574554443359375,solid,sampled
A1-01,Section 1,1,-2.1610894203186035,362.0,-2.1610894203186035,solid,sampled
A1-01,Section 1,1,-2.1483027935028076,363.0,-2.1483027935028076,solid,sampled
A1-01,Section 1,1,-2.1653285026550293,364.0,-2.1653285026550293,solid,sampled
A1-01,Section 1,1,-2.157531976699829,365.0,-2.157531976699829,solid,sampled
A1-01,Section 1,1,-2.144174337387085,366.0,-2.144174337387085,solid,sampled
A1-01,Section 1,1,-2.1450536251068115,367.0,-2.1450536251068115,solid,sampled
A1-01,Section 1,1,-2.1731045246124268,368.0,-2.1731045246124268,solid,sampled
A1-01,Section 1,1,-2.1637940406799316,369.0,-2.1637940406799316,solid,sampled
A1-01,Section 1,1,-2.173759698867798,370.0,-2.173759698867798,solid,sampled
A1-01,Section 1,1,-2.168100595474243,371.0,-2.168100595474243,solid,sampled
A1-01,Section 1,1,-2.16684889793396,372.0,-2.16684889793396,solid,sampled
A1-01,Section 1,1,-2.161510944366455,373.0,-2.161510944366455,solid,sampled
A1-01,Section 1,1,-2.161557674407959,374.0,-2.161557674407959,solid,sampled
A1-01,Section 1,1,-2.1672353744506836,375.0,-2.1672353744506836,solid,sampled
A1-01,Section 1,1,-2.1726622581481934,376.0,-2.1726622581481934,solid,sampled
A1-01,Section 1,1,-2.1753218173980713,377.0,-2.1753218173980713,solid,sampled
A1-01,Section 1,1,-2.176746368408203,378.0,-2.176746368408203,solid,sampled
A1-01,Section 1,1,-2.195584774017334,379.0,-2.195584774017334,solid,sampled
A1-01,Section 1,1,-2.201596736907959,380.0,-2.201596736907959,solid,sampled
A1-01,Section 1,1,-2.2039685249328613,381.0,-2.2039685249328613,solid,sampled
A1-01,Section 1,1,-2.2290077209472656,382.0,-2.2290077209472656,solid,sampled
A1-01,Section 1,1,-2.2504992485046387,383.0,-2.2504992485046387,solid,sampled
A1-01,Section 1,1,-2.2404518127441406,384.0,-2.2404518127441406,solid,sampled
A1-01,Section 1,1,-2.2682104110717773,385.0,-2.2682104110717773,solid,sampled
A1-01,Section 1,1,-2.249875545501709,386.0,-2.249875545501709,solid,sampled
A1-01,Section 1,1,-2.3176562786102295,387.0,-2.3176562786102295,solid,sampled
A1-01,Section 1,1,-2.3109970092773438,388.0,-2.3109970092773438,solid,sampled
A1-01,Section 1,1,-2.3615012168884277,389.0,-2.3615012168884277,solid,sampled
A1-01,Section 1,1,-2.308084011077881,390.0,-2.308084011077881,solid,sampled
A1-01,Section 1,1,-2.2320449352264404,391.0,-2.2320449352264404,solid,sampled
A1-01,Section 1,1,-2.0786404609680176,392.0,-2.0786404609680176,solid,sampled
A1-01,Section 1,1,-2.17521333694458,393.0,-2.17521333694458,solid,sampled
A1-01,Section 1,1,-2.135693073272705,394.0,-2.135693073272705,solid,sampled
A1-01,Section 1,1,-2.259161949157715,395.0,-2.259161949157715,solid,sampled
A1-01,Section 1,1,-2.3259294033050537,396.0,-2.3259294033050537,solid,sampled
A1-01,Section 1,1,-2.529911518096924,397.0,-2.529911518096924,solid,sampled
A1-01,Section 1,1,-2.621870994567871,398.0,-2.621870994567871,solid,sampled
A1-01,Section 1,1,-2.967123508453369,399.0,-2.967123508453369,solid,sampled
A1-01,Section 1,1,-2.6979196071624756,400.0,-2.6979196071624756,solid,sampled
A1-01,Section 1,1,-2.875704050064087,401.0,-2.875704050064087,solid,sampled
A1-01,Section 1,1,-2.8014707565307617,402.0,-2.8014707565307617,solid,sampled
A1-01,Section 1,1,-2.5992984771728516,403.0,-2.5992984771728516,solid,sampled
A1-01,Section 1,1,-2.908156156539917,404.0,-2.908156156539917,solid,sampled
A1-01,Section 1,1,-2.8640642166137695,405.0,-2.8640642166137695,solid,sampled
A1-01,Section 1,1,-2.711646556854248,406.0,-2.711646556854248,solid,sampled
A1-01,Section 1,1,-2.659339427947998,407.0,-2.659339427947998,solid,sampled
A1-01,Section 1,1,-2.5856008529663086,408.0,-2.5856008529663086,solid,sampled
A1-01,Section 1,1,-2.3225884437561035,409.0,-2.3225884437561035,solid,sampled
A1-01,Section 1,1,-2.338837146759033,410.0,-2.338837146759033,solid,sampled
A1-01,Section 1,1,-2.2430989742279053,411.0,-2.2430989742279053,solid,sampled
A1-01,Section 1,1,-2.223339796066284,412.0,-2.223339796066284,solid,sampled
A1-01,Section 1,1,-2.083291530609131,413.0,-2.083291530609131,solid,sampled
A1-01,Section 1,1,-1.973219871520996,414.0,-1.973219871520996,solid,sampled
A1-01,Section 1,1,-1.8513388633728027,415.0,-1.8513388633728027,solid,sampled
A1-01,Section 1,1,-1.693777322769165,416.0,-1.693777322769165,solid,sampled
A1-01,Section 1,1,-1.4172688722610474,417.0,-1.4172688722610474,solid,sampled
A1-01,Section 1,1,-1.4728705883026123,418.0,-1.4728705883026123,solid,sampled
A1-01,Section 1,1,0.5974111557006836,419.0,0.5974111557006836,solid,sampled
A1-01,Section 1,1,1.3024346828460693,420.0,1.3024346828460693,solid,sampled
A1-01,Section 1,1,1.450424313545227,421.0,1.450424313545227,solid,sampled
A1-01,Section 1,1,2.055905818939209,422.0,2.055905818939209,solid,sampled
A1-01,Section 1,1,2.542429208755493,423.0,2.542429208755493,solid,sampled
A1-01,Section 1,1,2.828514575958252,424.0,2.828514575958252,solid,sampled
A1-01,Section 1,1,3.2523937225341797,425.0,3.2523937225341797,solid,sampled
A1-01,Section 1,1,4.758315086364746,426.0,4.758315086364746,solid,sampled
A1-01,Section 1,1,5.404606819152832,427.0,5.404606819152832,solid,sampled
A1-01,Section 1,1,7.6229047775268555,428.0,7.6229047775268555,solid,sampled
A1-01,Section 1,1,11.41866397857666,429.0,11.41866397857666,solid,sampled
A1-01,Section 1,1,12.551069259643555,430.0,12.551069259643555,solid,sampled
A1-01,Section 1,1,12.85571002960205,431.0,12.85571002960205,solid,sampled
A1-01,Section 1,1,13.288443565368652,432.0,13.288443565368652,solid,sampled
A1-01,Section 1,1,13.076120376586914,433.0,13.076120376586914,solid,sampled
A1-01,Section 1,1,13.691164016723633,434.0,13.691164016723633,solid,sampled
A1-01,Section 1,1,14.430255889892578,435.0,14.430255889892578,solid,sampled
A1-01,Section 1,1,14.556384086608887,436.0,14.556384086608887,solid,sampled
A1-01,Section 1,1,14.224725723266602,437.0,14.224725723266602,solid,sampled
A1-01,Section 1,1,13.90902042388916,438.0,13.90902042388916,solid,sampled
A1-01,Section 1,1,14.7606201171875,439.0,14.7606201171875,solid,sampled
A1-01,Section 1,1,15.013291358947754,440.0,15.013291358947754,solid,sampled
A1-01,Section 1,1,15.144136428833008,441.0,15.144136428833008,solid,sampled
A1-01,Section 1,1,15.036384582519531,442.0,15.036384582519531,solid,sampled
A1-01,Section 1,1,15.424189567565918,443.0,15.424189567565918,solid,sampled
A1-01,Section 1,1,15.625214576721191,444.0,15.625214576721191,solid,sampled
A1-01,Section 1,1,15.146774291992188,445.0,15.146774291992188,solid,sampled
A1-01,Section 1,1,14.309866905212402,446.0,14.309866905212402,solid,sampled
A1-01,Section 1,1,14.220874786376953,447.0,14.220874786376953,solid,sampled
A1-01,Section 1,1,15.297176361083984,448.0,15.297176361083984,solid,sampled
A1-01,Section 1,1,15.786792755126953,449.0,15.786792755126953,solid,sampled
A1-01,Section 1,1,16.370752334594727,450.0,16.370752334594727,solid,sampled
A1-01,Section 1,1,16.728775024414062,451.0,16.728775024414062,solid,sampled
A1-01,Section 1,1,17.596866607666016,452.0,17.596866607666016,solid,sampled
A1-01,Section 1,1,17.518747329711914,453.0,17.518747329711914,solid,sampled
A1-01,Section 1,1,17.406105041503906,454.0,17.406105041503906,solid,sampled
A1-01,Section 1,1,17.35497283935547,455.0,17.35497283935547,solid,sampled
A1-01,Section 1,1,17.965972900390625,456.0,17.965972900390625,solid,sampled
A1-01,Section 1,1,18.248924255371094,457.0,18.248924255371094,solid,sampled
A1-01,Section 1,1,18.719139099121094,458.0,18.719139099121094,solid,sampled
A1-01,Section 1,1,18.625656127929688,459.0,18.625656127929688,solid,sampled
A1-01,Section 1,1,19.224506378173828,460.0,19.224506378173828,solid,sampled
A1-01,Section 1,1,19.497404098510742,461.0,19.497404098510742,solid,sampled
A1-01,Section 1,1,19.577308654785156,462.0,19.577308654785156,solid,sampled
A1-01,Section 1,1,19.3120174407959,463.0,19.3120174407959,solid,sampled
A1-01,Section 1,1,19.766435623168945,464.0,19.766435623168945,solid,sampled
A1-01,Section 1,1,19.945844650268555,465.0,19.945844650268555,solid,sampled
A1-01,Section 1,1,20.207687377929688,466.0,20.207687377929688,solid,sampled
A1-01,Section 1,1,19.894399642944336,467.0,19.894399642944336,solid,sampled
A1-01,Section 1,1,19.645387649536133,468.0,19.645387649536133,solid,sampled
A1-01,Section 1,1,0.0,469.0,,dotted,null_fill
A1-01,Section 1,1,0.0,470.0,,dotted,null_fill
A1-01,Section 1,1,0.0,471.0,,dotted,null_fill
A1-01,Section 1,1,0.0,472.0,,dotted,null_fill
A1-01,Section 1,1,0.0,473.0,,dotted,null_fill
A1-01,Section 1,1,0.0,474.0,,dotted,null_fill
A1-01,Section 1,1,0.0,475.0,,dotted,null_fill
A1-01,Section 1,1,0.0,476.0,,dotted,null_fill
A1-01,Section 1,1,0.0,477.0,,dotted,null_fill
A1-01,Section 1,1,0.0,478.0,,dotted,null_fill
A1-01,Section 1,1,0.0,479.0,,dotted,null_fill
A1-01,Section 1,1,0.0,480.0,,dotted,null_fill
A1-01,Section 1,1,0.0,481.0,,dotted,null_fill
A1-01,Section 1,1,0.0,482.0,,dotted,null_fill
A1-01,Section 1,1,0.0,483.0,,dotted,null_fill
A1-01,Section 1,1,0.0,484.0,,dotted,null_fill
A1-01,Section 1,1,0.0,485.0,,dotted,null_fill
A1-01,Section 1,1,0.0,486.0,,dotted,null_fill
A1-01,Section 1,1,0.0,487.0,,dotted,null_fill
A1-01,Section 1,1,0.0,488.0,,dotted,null_fill
A1-01,Section 1,1,0.0,489.0,,dotted,null_fill
A1-01,Section 1,1,0.0,490.0,,dotted,null_fill
A1-01,Section 1,1,0.0,491.0,,dotted,null_fill
A1-01,Section 1,1,0.0,492.0,,dotted,null_fill
A1-01,Section 1,1,0.0,493.0,,dotted,null_fill
A1-01,Section 1,1,0.0,494.0,,dotted,null_fill
A1-01,Section 1,1,0.0,495.0,,dotted,null_fill
A1-01,Section 1,1,0.0,496.0,,dotted,null_fill
A1-01,Section 1,1,0.0,497.0,,dotted,null_fill
A1-01,Section 1,1,0.0,498.0,,dotted,null_fill
A1-01,Section 1,1,0.0,499.0,,dotted,null_fill
A1-02,Section 2,2,0.0,0.0,,dotted,null_fill
A1-02,Section 2,2,0.0,1.0,,dotted,null_fill
A1-02,Section 2,2,0.0,2.0,,dotted,null_fill
A1-02,Section 2,2,0.0,3.0,,dotted,null_fill
A1-02,Section 2,2,0.0,4.0,,dotted,null_fill
A1-02,Section 2,2,0.0,5.0,,dotted,null_fill
A1-02,Section 2,2,0.0,6.0,,dotted,null_fill
A1-02,Section 2,2,0.0,7.0,,dotted,null_fill
A1-02,Section 2,2,0.0,8.0,,dotted,null_fill
A1-02,Section 2,2,0.0,9.0,,dotted,null_fill
A1-02,Section 2,2,0.0,10.0,,dotted,null_fill
A1-02,Section 2,2,0.0,11.0,,dotted,null_fill
A1-02,Section 2,2,0.0,12.0,,dotted,null_fill
A1-02,Section 2,2,0.0,13.0,,dotted,null_fill
A1-02,Section 2,2,0.0,14.0,,dotted,null_fill
A1-02,Section 2,2,0.0,15.0,,dotted,null_fill
A1-02,Section 2,2,0.0,16.0,,dotted,null_fill
A1-02,Section 2,2,0.0,17.0,,dotted,null_fill
A1-02,Section 2,2,0.0,18.0,,dotted,null_fill
A1-02,Section 2,2,0.0,19.0,,dotted,null_fill
A1-02,Section 2,2,0.0,20.0,,dotted,null_fill
A1-02,Section 2,2,0.0,21.0,,dotted,null_fill
A1-02,Section 2,2,0.0,22.0,,dotted,null_fill
A1-02,Section 2,2,0.0,23.0,,dotted,null_fill
A1-02,Section 2,2,0.0,24.0,,dotted,null_fill
A1-02,Section 2,2,0.0,25.0,,dotted,null_fill
A1-02,Section 2,2,0.0,26.0,,dotted,null_fill
A1-02,Section 2,2,0.0,27.0,,dotted,null_fill
A1-02,Section 2,2,-3.0,28.0,-52.13202667236328,solid,water_floor
A1-02,Section 2,2,-3.0,29.0,-51.28575134277344,solid,water_floor
A1-02,Section 2,2,-3.0,30.0,-49.62009811401367,solid,water_floor
A1-02,Section 2,2,-3.0,31.0,-50.159889221191406,solid,water_floor
A1-02,Section 2,2,-3.0,32.0,-52.79682922363281,solid,water_floor
A1-02,Section 2,2,-3.0,33.0,-46.44193649291992,solid,water_floor
A1-02,Section 2,2,-3.0,34.0,-64.81239318847656,solid,water_floor
A1-02,Section 2,2,-3.0,35.0,-61.35560607910156,solid,water_floor
A1-02,Section 2,2,-3.0,36.0,-48.28765869140625,solid,water_floor
A1-02,Section 2,2,-3.0,37.0,-46.701934814453125,solid,water_floor
A1-02,Section 2,2,-3.0,38.0,-52.5811882019043,solid,water_floor
A1-02,Section 2,2,-3.0,39.0,-56.2767333984375,solid,water_floor
A1-02,Section 2,2,-3.0,40.0,-57.144012451171875,solid,water_floor
A1-02,Section 2,2,-3.0,41.0,-52.91349792480469,solid,water_floor
A1-02,Section 2,2,-3.0,42.0,-54.545597076416016,solid,water_floor
A1-02,Section 2,2,-3.0,43.0,-56.247074127197266,solid,water_floor
A1-02,Section 2,2,-3.0,44.0,-61.1755256652832,solid,water_floor
A1-02,Section 2,2,-3.0,45.0,-47.58763885498047,solid,water_floor
A1-02,Section 2,2,-3.0,46.0,-44.39373016357422,solid,water_floor
A1-02,Section 2,2,-3.0,47.0,-44.69181823730469,solid,water_floor
A1-02,Section 2,2,-3.0,48.0,-33.44224166870117,solid,water_floor
A1-02,Section 2,2,-3.0,49.0,-37.30671691894531,solid,water_floor
A1-02,Section 2,2,-3.0,50.0,-30.77733039855957,solid,water_floor
A1-02,Section 2,2,-3.0,51.0,-27.713945388793945,solid,water_floor
A1-02,Section 2,2,-3.0,52.0,-22.94476318359375,solid,water_floor
A1-02,Section 2,2,-3.0,53.0,-24.60910987854004,solid,water_floor
A1-02,Section 2,2,-3.0,54.0,-11.141616821289062,solid,water_floor
A1-02,Section 2,2,-3.0,55.0,-21.00334358215332,solid,water_floor
A1-02,Section 2,2,-3.0,56.0,-32.69744110107422,solid,water_floor
A1-02,Section 2,2,-3.0,57.0,-26.719043731689453,solid,water_floor
A1-02,Section 2,2,-3.0,58.0,-26.656784057617188,solid,water_floor
A1-02,Section 2,2,-3.0,59.0,-27.678897857666016,solid,water_floor
A1-02,Section 2,2,-3.0,60.0,-27.721355438232422,solid,water_floor
A1-02,Section 2,2,-3.0,61.0,-27.639812469482422,solid,water_floor
A1-02,Section 2,2,-3.0,62.0,-22.777420043945312,solid,water_floor
A1-02,Section 2,2,-3.0,63.0,-23.378944396972656,solid,water_floor
A1-02,Section 2,2,-3.0,64.0,-18.286548614501953,solid,water_floor
A1-02,Section 2,2,-3.0,65.0,-8.213318824768066,solid,water_floor
A1-02,Section 2,2,-3.0,66.0,-4.69149112701416,solid,water_floor
A1-02,Section 2,2,-3.0,67.0,-4.415367126464844,solid,water_floor
A1-02,Section 2,2,-3.0,68.0,-4.430224418640137,solid,water_floor
A1-02,Section 2,2,-3.0,69.0,-4.118233680725098,solid,water_floor
A1-02,Section 2,2,-3.0,70.0,-3.9692506790161133,solid,water_floor
A1-02,Section 2,2,-3.0,71.0,-4.406641006469727,solid,water_floor
A1-02,Section 2,2,-3.0,72.0,-4.0435791015625,solid,water_floor
A1-02,Section 2,2,-3.0,73.0,-3.7296507358551025,solid,water_floor
A1-02,Section 2,2,-3.0,74.0,-3.4525301456451416,solid,water_floor
A1-02,Section 2,2,-3.0,75.0,-3.2024903297424316,solid,water_floor
A1-02,Section 2,2,-3.0,76.0,-3.126835346221924,solid,water_floor
A1-02,Section 2,2,-3.0,77.0,-3.1646363735198975,solid,water_floor
A1-02,Section 2,2,-3.0,78.0,-3.1031947135925293,solid,water_floor
A1-02,Section 2,2,-2.8994126319885254,79.0,-2.8994126319885254,solid,sampled
A1-02,Section 2,2,-2.879173994064331,80.0,-2.879173994064331,solid,sampled
A1-02,Section 2,2,-2.872070789337158,81.0,-2.872070789337158,solid,sampled
A1-02,Section 2,2,-2.863006591796875,82.0,-2.863006591796875,solid,sampled
A1-02,Section 2,2,-2.835507392883301,83.0,-2.835507392883301,solid,sampled
A1-02,Section 2,2,-2.8269386291503906,84.0,-2.8269386291503906,solid,sampled
A1-02,Section 2,2,-2.807499647140503,85.0,-2.807499647140503,solid,sampled
A1-02,Section 2,2,-2.8098974227905273,86.0,-2.8098974227905273,solid,sampled
A1-02,Section 2,2,-2.7782959938049316,87.0,-2.7782959938049316,solid,sampled
A1-02,Section 2,2,-2.776655912399292,88.0,-2.776655912399292,solid,sampled
A1-02,Section 2,2,-2.759965419769287,89.0,-2.759965419769287,solid,sampled
A1-02,Section 2,2,-2.7678651809692383,90.0,-2.7678651809692383,solid,sampled
A1-02,Section 2,2,-2.7493340969085693,91.0,-2.7493340969085693,solid,sampled
A1-02,Section 2,2,-2.727135419845581,92.0,-2.727135419845581,solid,sampled
A1-02,Section 2,2,-2.702474355697632,93.0,-2.702474355697632,solid,sampled
A1-02,Section 2,2,-2.6959238052368164,94.0,-2.6959238052368164,solid,sampled
A1-02,Section 2,2,-2.7023401260375977,95.0,-2.7023401260375977,solid,sampled
A1-02,Section 2,2,-2.697556972503662,96.0,-2.697556972503662,solid,sampled
A1-02,Section 2,2,-2.6831114292144775,97.0,-2.6831114292144775,solid,sampled
A1-02,Section 2,2,-2.6509242057800293,98.0,-2.6509242057800293,solid,sampled
A1-02,Section 2,2,-2.6473848819732666,99.0,-2.6473848819732666,solid,sampled
A1-02,Section 2,2,-2.6436169147491455,100.0,-2.6436169147491455,solid,sampled
A1-02,Section 2,2,-2.610330581665039,101.0,-2.610330581665039,solid,sampled
A1-02,Section 2,2,-2.631692886352539,102.0,-2.631692886352539,solid,sampled
A1-02,Section 2,2,-2.612762928009033,103.0,-2.612762928009033,solid,sampled
A1-02,Section 2,2,-2.584861993789673,104.0,-2.584861993789673,solid,sampled
A1-02,Section 2,2,-2.6152753829956055,105.0,-2.6152753829956055,solid,sampled
A1-02,Section 2,2,-2.5965685844421387,106.0,-2.5965685844421387,solid,sampled
A1-02,Section 2,2,-2.573148012161255,107.0,-2.573148012161255,solid,sampled
A1-02,Section 2,2,-2.5930910110473633,108.0,-2.5930910110473633,solid,sampled
A1-02,Section 2,2,-2.5549240112304688,109.0,-2.5549240112304688,solid,sampled
A1-02,Section 2,2,-2.533067226409912,110.0,-2.533067226409912,solid,sampled
A1-02,Section 2,2,-2.538902759552002,111.0,-2.538902759552002,solid,sampled
A1-02,Section 2,2,-2.524367570877075,112.0,-2.524367570877075,solid,sampled
A1-02,Section 2,2,-2.504242181777954,113.0,-2.504242181777954,solid,sampled
A1-02,Section 2,2,-2.5078487396240234,114.0,-2.5078487396240234,solid,sampled
A1-02,Section 2,2,-2.487980842590332,115.0,-2.487980842590332,solid,sampled
A1-02,Section 2,2,-2.4847586154937744,116.0,-2.4847586154937744,solid,sampled
A1-02,Section 2,2,-2.4854483604431152,117.0,-2.4854483604431152,solid,sampled
A1-02,Section 2,2,-2.4901349544525146,118.0,-2.4901349544525146,solid,sampled
A1-02,Section 2,2,-2.4595437049865723,119.0,-2.4595437049865723,solid,sampled
A1-02,Section 2,2,-2.4656286239624023,120.0,-2.4656286239624023,solid,sampled
A1-02,Section 2,2,-2.453244686126709,121.0,-2.453244686126709,solid,sampled
A1-02,Section 2,2,-2.4755330085754395,122.0,-2.4755330085754395,solid,sampled
A1-02,Section 2,2,-2.4600415229797363,123.0,-2.4600415229797363,solid,sampled
A1-02,Section 2,2,-2.42938494682312,124.0,-2.42938494682312,solid,sampled
A1-02,Section 2,2,-2.4491355419158936,125.0,-2.4491355419158936,solid,sampled
A1-02,Section 2,2,-2.445223569869995,126.0,-2.445223569869995,solid,sampled
A1-02,Section 2,2,-2.422520637512207,127.0,-2.422520637512207,solid,sampled
A1-02,Section 2,2,-2.4171276092529297,128.0,-2.4171276092529297,solid,sampled
A1-02,Section 2,2,-2.424774646759033,129.0,-2.424774646759033,solid,sampled
A1-02,Section 2,2,-2.3982112407684326,130.0,-2.3982112407684326,solid,sampled
A1-02,Section 2,2,-2.385974884033203,131.0,-2.385974884033203,solid,sampled
A1-02,Section 2,2,-2.377958297729492,132.0,-2.377958297729492,solid,sampled
A1-02,Section 2,2,-2.3648667335510254,133.0,-2.3648667335510254,solid,sampled
A1-02,Section 2,2,-2.3575854301452637,134.0,-2.3575854301452637,solid,sampled
A1-02,Section 2,2,-2.35617733001709,135.0,-2.35617733001709,solid,sampled
A1-02,Section 2,2,-2.3454959392547607,136.0,-2.3454959392547607,solid,sampled
A1-02,Section 2,2,-2.34956693649292,137.0,-2.34956693649292,solid,sampled
A1-02,Section 2,2,-2.338186264038086,138.0,-2.338186264038086,solid,sampled
A1-02,Section 2,2,-2.3301773071289062,139.0,-2.3301773071289062,solid,sampled
A1-02,Section 2,2,-2.3090028762817383,140.0,-2.3090028762817383,solid,sampled
A1-02,Section 2,2,-2.282247304916382,141.0,-2.282247304916382,solid,sampled
A1-02,Section 2,2,-2.2898120880126953,142.0,-2.2898120880126953,solid,sampled
A1-02,Section 2,2,-2.2806289196014404,143.0,-2.2806289196014404,solid,sampled
A1-02,Section 2,2,-2.279869794845581,144.0,-2.279869794845581,solid,sampled
A1-02,Section 2,2,-2.271580457687378,145.0,-2.271580457687378,solid,sampled
A1-02,Section 2,2,-2.2667250633239746,146.0,-2.2667250633239746,solid,sampled
A1-02,Section 2,2,-2.2447662353515625,147.0,-2.2447662353515625,solid,sampled
A1-02,Section 2,2,-2.258626937866211,148.0,-2.258626937866211,solid,sampled
A1-02,Section 2,2,-2.248943567276001,149.0,-2.248943567276001,solid,sampled
A1-02,Section 2,2,-2.2518460750579834,150.0,-2.2518460750579834,solid,sampled
A1-02,Section 2,2,-2.2507917881011963,151.0,-2.2507917881011963,solid,sampled
A1-02,Section 2,2,-2.248023748397827,152.0,-2.248023748397827,solid,sampled
A1-02,Section 2,2,-2.2349417209625244,153.0,-2.2349417209625244,solid,sampled
A1-02,Section 2,2,-2.24676251411438,154.0,-2.24676251411438,solid,sampled
A1-02,Section 2,2,-2.259476661682129,155.0,-2.259476661682129,solid,sampled
A1-02,Section 2,2,-2.2124533653259277,156.0,-2.2124533653259277,solid,sampled
A1-02,Section 2,2,-2.2304160594940186,157.0,-2.2304160594940186,solid,sampled
A1-02,Section 2,2,-2.2117745876312256,158.0,-2.2117745876312256,solid,sampled
A1-02,Section 2,2,-2.207637071609497,159.0,-2.207637071609497,solid,sampled
A1-02,Section 2,2,-2.1984703540802,160.0,-2.1984703540802,solid,sampled
A1-02,Section 2,2,-2.1829426288604736,161.0,-2.1829426288604736,solid,sampled
A1-02,Section 2,2,-2.192171096801758,162.0,-2.192171096801758,solid,sampled
A1-02,Section 2,2,-2.1749484539031982,163.0,-2.1749484539031982,solid,sampled
A1-02,Section 2,2,-2.171584129333496,164.0,-2.171584129333496,solid,sampled
A1-02,Section 2,2,-2.1608757972717285,165.0,-2.1608757972717285,solid,sampled
A1-02,Section 2,2,-2.161712646484375,166.0,-2.161712646484375,solid,sampled
A1-02,Section 2,2,-2.1601696014404297,167.0,-2.1601696014404297,solid,sampled
A1-02,Section 2,2,-2.1313085556030273,168.0,-2.1313085556030273,solid,sampled
A1-02,Section 2,2,-2.1346590518951416,169.0,-2.1346590518951416,solid,sampled
A1-02,Section 2,2,-2.138552188873291,170.0,-2.138552188873291,solid,sampled
A1-02,Section 2,2,-2.12837815284729,171.0,-2.12837815284729,solid,sampled
A1-02,Section 2,2,-2.114577054977417,172.0,-2.114577054977417,solid,sampled
A1-02,Section 2,2,-2.115878105163574,173.0,-2.115878105163574,solid,sampled
A1-02,Section 2,2,-2.101346969604492,174.0,-2.101346969604492,solid,sampled
A1-02,Section 2,2,-2.0843231678009033,175.0,-2.0843231678009033,solid,sampled
A1-02,Section 2,2,-2.0778374671936035,176.0,-2.0778374671936035,solid,sampled
A1-02,Section 2,2,-2.070035934448242,177.0,-2.070035934448242,solid,sampled
A1-02,Section 2,2,-2.0585830211639404,178.0,-2.0585830211639404,solid,sampled
A1-02,Section 2,2,-2.0622100830078125,179.0,-2.0622100830078125,solid,sampled
A1-02,Section 2,2,-2.070094347000122,180.0,-2.070094347000122,solid,sampled
A1-02,Section 2,2,-2.052238702774048,181.0,-2.052238702774048,solid,sampled
A1-02,Section 2,2,-2.0222549438476562,182.0,-2.0222549438476562,solid,sampled
A1-02,Section 2,2,-2.0531678199768066,183.0,-2.0531678199768066,solid,sampled
A1-02,Section 2,2,-2.034851551055908,184.0,-2.034851551055908,solid,sampled
A1-02,Section 2,2,-2.0306396484375,185.0,-2.0306396484375,solid,sampled
A1-02,Section 2,2,-2.0418894290924072,186.0,-2.0418894290924072,solid,sampled
A1-02,Section 2,2,-2.019070863723755,187.0,-2.019070863723755,solid,sampled
A1-02,Section 2,2,-2.017545700073242,188.0,-2.017545700073242,solid,sampled
A1-02,Section 2,2,-2.0109217166900635,189.0,-2.0109217166900635,solid,sampled
A1-02,Section 2,2,-1.985616683959961,190.0,-1.985616683959961,solid,sampled
A1-02,Section 2,2,-2.0115621089935303,191.0,-2.0115621089935303,solid,sampled
A1-02,Section 2,2,-1.9773194789886475,192.0,-1.9773194789886475,solid,sampled
A1-02,Section 2,2,-1.949135184288025,193.0,-1.949135184288025,solid,sampled
A1-02,Section 2,2,-1.9552083015441895,194.0,-1.9552083015441895,solid,sampled
A1-02,Section 2,2,-1.9522647857666016,195.0,-1.9522647857666016,solid,sampled
A1-02,Section 2,2,-1.9249309301376343,196.0,-1.9249309301376343,solid,sampled
A1-02,Section 2,2,-1.933674931526184,197.0,-1.933674931526184,solid,sampled
A1-02,Section 2,2,-1.9312340021133423,198.0,-1.9312340021133423,solid,sampled
A1-02,Section 2,2,-1.9227676391601562,199.0,-1.9227676391601562,solid,sampled
A1-02,Section 2,2,-1.9237871170043945,200.0,-1.9237871170043945,solid,sampled
A1-02,Section 2,2,-1.8967485427856445,201.0,-1.8967485427856445,solid,sampled
A1-02,Section 2,2,-1.9025896787643433,202.0,-1.9025896787643433,solid,sampled
A1-02,Section 2,2,-1.8744889497756958,203.0,-1.8744889497756958,solid,sampled
A1-02,Section 2,2,-1.9070863723754883,204.0,-1.9070863723754883,solid,sampled
A1-02,Section 2,2,-1.8938469886779785,205.0,-1.8938469886779785,solid,sampled
A1-02,Section 2,2,-1.898897647857666,206.0,-1.898897647857666,solid,sampled
A1-02,Section 2,2,-1.9184298515319824,207.0,-1.9184298515319824,solid,sampled
A1-02,Section 2,2,-1.882613182067871,208.0,-1.882613182067871,solid,sampled
A1-02,Section 2,2,-1.8923015594482422,209.0,-1.8923015594482422,solid,sampled
A1-02,Section 2,2,-1.8830342292785645,210.0,-1.8830342292785645,solid,sampled
A1-02,Section 2,2,-1.8655164241790771,211.0,-1.8655164241790771,solid,sampled
A1-02,Section 2,2,-1.865081787109375,212.0,-1.865081787109375,solid,sampled
A1-02,Section 2,2,-1.8602666854858398,213.0,-1.8602666854858398,solid,sampled
A1-02,Section 2,2,-1.8463342189788818,214.0,-1.8463342189788818,solid,sampled
A1-02,Section 2,2,-1.8559513092041016,215.0,-1.8559513092041016,solid,sampled
A1-02,Section 2,2,-1.8241370916366577,216.0,-1.8241370916366577,solid,sampled
A1-02,Section 2,2,-1.8225014209747314,217.0,-1.8225014209747314,solid,sampled
A1-02,Section 2,2,-1.8133742809295654,218.0,-1.8133742809295654,solid,sampled
A1-02,Section 2,2,-1.8256345987319946,219.0,-1.8256345987319946,solid,sampled
A1-02,Section 2,2,-1.8087844848632812,220.0,-1.8087844848632812,solid,sampled
A1-02,Section 2,2,-1.8067387342453003,221.0,-1.8067387342453003,solid,sampled
A1-02,Section 2,2,-1.8030568361282349,222.0,-1.8030568361282349,solid,sampled
A1-02,Section 2,2,-1.8084795475006104,223.0,-1.8084795475006104,solid,sampled
A1-02,Section 2,2,-1.7927019596099854,224.0,-1.7927019596099854,solid,sampled
A1-02,Section 2,2,-1.7929401397705078,225.0,-1.7929401397705078,solid,sampled
A1-02,Section 2,2,-1.7879834175109863,226.0,-1.7879834175109863,solid,sampled
A1-02,Section 2,2,-1.7968339920043945,227.0,-1.7968339920043945,solid,sampled
A1-02,Section 2,2,-1.7764592170715332,228.0,-1.7764592170715332,solid,sampled
A1-02,Section 2,2,-1.7745074033737183,229.0,-1.7745074033737183,solid,sampled
A1-02,Section 2,2,-1.737898349761963,230.0,-1.737898349761963,solid,sampled
A1-02,Section 2,2,-1.7487584352493286,231.0,-1.7487584352493286,solid,sampled
A1-02,Section 2,2,-1.7427483797073364,232.0,-1.7427483797073364,solid,sampled
A1-02,Section 2,2,-1.7208251953125,233.0,-1.7208251953125,solid,sampled
A1-02,Section 2,2,-1.7015957832336426,234.0,-1.7015957832336426,solid,sampled
A1-02,Section 2,2,-1.6945184469223022,235.0,-1.6945184469223022,solid,sampled
A1-02,Section 2,2,-1.6707794666290283,236.0,-1.6707794666290283,solid,sampled
A1-02,Section 2,2,-1.6675353050231934,237.0,-1.6675353050231934,solid,sampled
A1-02,Section 2,2,-1.6451497077941895,238.0,-1.6451497077941895,solid,sampled
A1-02,Section 2,2,-1.6476880311965942,239.0,-1.6476880311965942,solid,sampled
A1-02,Section 2,2,-1.638913631439209,240.0,-1.638913631439209,solid,sampled
A1-02,Section 2,2,-1.6392974853515625,241.0,-1.6392974853515625,solid,sampled
A1-02,Section 2,2,-1.636519193649292,242.0,-1.636519193649292,solid,sampled
A1-02,Section 2,2,-1.6193549633026123,243.0,-1.6193549633026123,solid,sampled
A1-02,Section 2,2,-1.6057316064834595,244.0,-1.6057316064834595,solid,sampled
A1-02,Section 2,2,-1.6115875244140625,245.0,-1.6115875244140625,solid,sampled
A1-02,Section 2,2,-1.5951002836227417,246.0,-1.5951002836227417,solid,sampled
A1-02,Section 2,2,-1.584389090538025,247.0,-1.584389090538025,solid,sampled
A1-02,Section 2,2,-1.5882320404052734,248.0,-1.5882320404052734,solid,sampled
A1-02,Section 2,2,-1.5719738006591797,249.0,-1.5719738006591797,solid,sampled
A1-02,Section 2,2,-1.5595893859863281,250.0,-1.5595893859863281,solid,sampled
A1-02,Section 2,2,-1.5599771738052368,251.0,-1.5599771738052368,solid,sampled
A1-02,Section 2,2,-1.5437511205673218,252.0,-1.5437511205673218,solid,sampled
A1-02,Section 2,2,-1.535912036895752,253.0,-1.535912036895752,solid,sampled
A1-02,Section 2,2,-1.5234076976776123,254.0,-1.5234076976776123,solid,sampled
A1-02,Section 2,2,-1.54191255569458,255.0,-1.54191255569458,solid,sampled
A1-02,Section 2,2,-1.536503791809082,256.0,-1.536503791809082,solid,sampled
A1-02,Section 2,2,-1.5350899696350098,257.0,-1.5350899696350098,solid,sampled
A1-02,Section 2,2,-1.5260543823242188,258.0,-1.5260543823242188,solid,sampled
A1-02,Section 2,2,-1.5351053476333618,259.0,-1.5351053476333618,solid,sampled
A1-02,Section 2,2,-1.5269910097122192,260.0,-1.5269910097122192,solid,sampled
A1-02,Section 2,2,-1.5249555110931396,261.0,-1.5249555110931396,solid,sampled
A1-02,Section 2,2,-1.512997031211853,262.0,-1.512997031211853,solid,sampled
A1-02,Section 2,2,-1.5095525979995728,263.0,-1.5095525979995728,solid,sampled
A1-02,Section 2,2,-1.5148833990097046,264.0,-1.5148833990097046,solid,sampled
A1-02,Section 2,2,-1.5121119022369385,265.0,-1.5121119022369385,solid,sampled
A1-02,Section 2,2,-1.4996817111968994,266.0,-1.4996817111968994,solid,sampled
A1-02,Section 2,2,-1.5085703134536743,267.0,-1.5085703134536743,solid,sampled
A1-02,Section 2,2,-1.497254490852356,268.0,-1.497254490852356,solid,sampled
A1-02,Section 2,2,-1.4881901741027832,269.0,-1.4881901741027832,solid,sampled
A1-02,Section 2,2,-1.499152660369873,270.0,-1.499152660369873,solid,sampled
A1-02,Section 2,2,-1.4839330911636353,271.0,-1.4839330911636353,solid,sampled
A1-02,Section 2,2,-1.4844777584075928,272.0,-1.4844777584075928,solid,sampled
A1-02,Section 2,2,-1.476439118385315,273.0,-1.476439118385315,solid,sampled
A1-02,Section 2,2,-1.4747974872589111,274.0,-1.4747974872589111,solid,sampled
A1-02,Section 2,2,-1.4701800346374512,275.0,-1.4701800346374512,solid,sampled
A1-02,Section 2,2,-1.4683525562286377,276.0,-1.4683525562286377,solid,sampled
A1-02,Section 2,2,-1.4741358757019043,277.0,-1.4741358757019043,solid,sampled
A1-02,Section 2,2,-1.4651751518249512,278.0,-1.4651751518249512,solid,sampled
A1-02,Section 2,2,-1.4576674699783325,279.0,-1.4576674699783325,solid,sampled
A1-02,Section 2,2,-1.4625780582427979,280.0,-1.4625780582427979,solid,sampled
A1-02,Section 2,2,-1.4627046585083008,281.0,-1.4627046585083008,solid,sampled
A1-02,Section 2,2,-1.4472304582595825,282.0,-1.4472304582595825,solid,sampled
A1-02,Section 2,2,-1.4498608112335205,283.0,-1.4498608112335205,solid,sampled
A1-02,Section 2,2,-1.4504516124725342,284.0,-1.4504516124725342,solid,sampled
A1-02,Section 2,2,-1.4514751434326172,285.0,-1.4514751434326172,solid,sampled
A1-02,Section 2,2,-1.4541430473327637,286.0,-1.4541430473327637,solid,sampled
A1-02,Section 2,2,-1.450395941734314,287.0,-1.450395941734314,solid,sampled
A1-02,Section 2,2,-1.4426343441009521,288.0,-1.4426343441009521,solid,sampled
A1-02,Section 2,2,-1.4422811269760132,289.0,-1.4422811269760132,solid,sampled
A1-02,Section 2,2,-1.407902479171753,290.0,-1.407902479171753,solid,sampled
A1-02,Section 2,2,-1.4157130718231201,291.0,-1.4157130718231201,solid,sampled
A1-02,Section 2,2,-1.4142895936965942,292.0,-1.4142895936965942,solid,sampled
A1-02,Section 2,2,-1.4004855155944824,293.0,-1.4004855155944824,solid,sampled
A1-02,Section 2,2,-1.4212160110473633,294.0,-1.4212160110473633,solid,sampled
A1-02,Section 2,2,-1.423344612121582,295.0,-1.423344612121582,solid,sampled
A1-02,Section 2,2,-1.4235647916793823,296.0,-1.4235647916793823,solid,sampled
A1-02,Section 2,2,-1.4217286109924316,297.0,-1.4217286109924316,solid,sampled
A1-02,Section 2,2,-1.4009209871292114,298.0,-1.4009209871292114,solid,sampled
A1-02,Section 2,2,-1.4136641025543213,299.0,-1.4136641025543213,solid,sampled
A1-02,Section 2,2,-1.409473180770874,300.0,-1.409473180770874,solid,sampled
A1-02,Section 2,2,-1.4115725755691528,301.0,-1.4115725755691528,solid,sampled
A1-02,Section 2,2,-1.4073842763900757,302.0,-1.4073842763900757,solid,sampled
A1-02,Section 2,2,-1.3983575105667114,303.0,-1.3983575105667114,solid,sampled
A1-02,Section 2,2,-1.3896222114562988,304.0,-1.3896222114562988,solid,sampled
A1-02,Section 2,2,-1.376145601272583,305.0,-1.376145601272583,solid,sampled
A1-02,Section 2,2,-1.3747055530548096,306.0,-1.3747055530548096,solid,sampled
A1-02,Section 2,2,-1.3589177131652832,307.0,-1.3589177131652832,solid,sampled
A1-02,Section 2,2,-1.3627197742462158,308.0,-1.3627197742462158,solid,sampled
A1-02,Section 2,2,-1.341099500656128,309.0,-1.341099500656128,solid,sampled
A1-02,Section 2,2,-1.3397865295410156,310.0,-1.3397865295410156,solid,sampled
A1-02,Section 2,2,-1.3495044708251953,311.0,-1.3495044708251953,solid,sampled
A1-02,Section 2,2,-1.330888271331787,312.0,-1.330888271331787,solid,sampled
A1-02,Section 2,2,-1.3244091272354126,313.0,-1.3244091272354126,solid,sampled
A1-02,Section 2,2,-1.3260152339935303,314.0,-1.3260152339935303,solid,sampled
A1-02,Section 2,2,-1.315596342086792,315.0,-1.315596342086792,solid,sampled
A1-02,Section 2,2,-1.3060369491577148,316.0,-1.3060369491577148,solid,sampled
A1-02,Section 2,2,-1.3046541213989258,317.0,-1.3046541213989258,solid,sampled
A1-02,Section 2,2,-1.3021495342254639,318.0,-1.3021495342254639,solid,sampled
A1-02,Section 2,2,-1.2925673723220825,319.0,-1.2925673723220825,solid,sampled
A1-02,Section 2,2,-1.2916446924209595,320.0,-1.2916446924209595,solid,sampled
A1-02,Section 2,2,-1.2791019678115845,321.0,-1.2791019678115845,solid,sampled
A1-02,Section 2,2,-1.282873272895813,322.0,-1.282873272895813,solid,sampled
A1-02,Section 2,2,-1.2742011547088623,323.0,-1.2742011547088623,solid,sampled
A1-02,Section 2,2,-1.2713228464126587,324.0,-1.2713228464126587,solid,sampled
A1-02,Section 2,2,-1.2563172578811646,325.0,-1.2563172578811646,solid,sampled
A1-02,Section 2,2,-1.251322627067566,326.0,-1.251322627067566,solid,sampled
A1-02,Section 2,2,-1.25303316116333,327.0,-1.25303316116333,solid,sampled
A1-02,Section 2,2,-1.243613600730896,328.0,-1.243613600730896,solid,sampled
A1-02,Section 2,2,-1.2333736419677734,329.0,-1.2333736419677734,solid,sampled
A1-02,Section 2,2,-1.235133171081543,330.0,-1.235133171081543,solid,sampled
A1-02,Section 2,2,-1.2131491899490356,331.0,-1.2131491899490356,solid,sampled
A1-02,Section 2,2,-1.2094143629074097,332.0,-1.2094143629074097,solid,sampled
A1-02,Section 2,2,-1.209297776222229,333.0,-1.209297776222229,solid,sampled
A1-02,Section 2,2,-1.2009353637695312,334.0,-1.2009353637695312,solid,sampled
A1-02,Section 2,2,-1.1824097633361816,335.0,-1.1824097633361816,solid,sampled
A1-02,Section 2,2,-1.1711392402648926,336.0,-1.1711392402648926,solid,sampled
A1-02,Section 2,2,-1.151780366897583,337.0,-1.151780366897583,solid,sampled
A1-02,Section 2,2,-1.151589274406433,338.0,-1.151589274406433,solid,sampled
A1-02,Section 2,2,-1.1412806510925293,339.0,-1.1412806510925293,solid,sampled
A1-02,Section 2,2,-1.1346964836120605,340.0,-1.1346964836120605,solid,sampled
A1-02,Section 2,2,-1.124739408493042,341.0,-1.124739408493042,solid,sampled
A1-02,Section 2,2,-1.1079092025756836,342.0,-1.1079092025756836,solid,sampled
A1-02,Section 2,2,-1.1034353971481323,343.0,-1.1034353971481323,solid,sampled
A1-02,Section 2,2,-1.0994377136230469,344.0,-1.0994377136230469,solid,sampled
A1-02,Section 2,2,-1.0823308229446411,345.0,-1.0823308229446411,solid,sampled
A1-02,Section 2,2,-1.0810110569000244,346.0,-1.0810110569000244,solid,sampled
A1-02,Section 2,2,-1.0645310878753662,347.0,-1.0645310878753662,solid,sampled
A1-02,Section 2,2,-1.0648902654647827,348.0,-1.0648902654647827,solid,sampled
A1-02,Section 2,2,-1.0567336082458496,349.0,-1.0567336082458496,solid,sampled
A1-02,Section 2,2,-1.0506490468978882,350.0,-1.0506490468978882,solid,sampled
A1-02,Section 2,2,-1.0387046337127686,351.0,-1.0387046337127686,solid,sampled
A1-02,Section 2,2,-1.0407893657684326,352.0,-1.0407893657684326,solid,sampled
A1-02,Section 2,2,-1.0209697484970093,353.0,-1.0209697484970093,solid,sampled
A1-02,Section 2,2,-1.014855146408081,354.0,-1.014855146408081,solid,sampled
A1-02,Section 2,2,-1.002163290977478,355.0,-1.002163290977478,solid,sampled
A1-02,Section 2,2,-0.9957079887390137,356.0,-0.9957079887390137,solid,sampled
A1-02,Section 2,2,-0.9921531677246094,357.0,-0.9921531677246094,solid,sampled
A1-02,Section 2,2,-0.9840368032455444,358.0,-0.9840368032455444,solid,sampled
A1-02,Section 2,2,-0.9724869728088379,359.0,-0.9724869728088379,solid,sampled
A1-02,Section 2,2,-0.9752944111824036,360.0,-0.9752944111824036,solid,sampled
A1-02,Section 2,2,-0.9772391319274902,361.0,-0.9772391319274902,solid,sampled
A1-02,Section 2,2,-0.9637046456336975,362.0,-0.9637046456336975,solid,sampled
A1-02,Section 2,2,-0.967427134513855,363.0,-0.967427134513855,solid,sampled
A1-02,Section 2,2,-0.9647097587585449,364.0,-0.9647097587585449,solid,sampled
A1-02,Section 2,2,-0.9630489349365234,365.0,-0.9630489349365234,solid,sampled
A1-02,Section 2,2,-0.9598789215087891,366.0,-0.9598789215087891,solid,sampled
A1-02,Section 2,2,-0.9513278007507324,367.0,-0.9513278007507324,solid,sampled
A1-02,Section 2,2,-0.9699456691741943,368.0,-0.9699456691741943,solid,sampled
A1-02,Section 2,2,-0.9694821834564209,369.0,-0.9694821834564209,solid,sampled
A1-02,Section 2,2,-0.978276252746582,370.0,-0.978276252746582,solid,sampled
A1-02,Section 2,2,-0.9732818603515625,371.0,-0.9732818603515625,solid,sampled
A1-02,Section 2,2,-0.9680233001708984,372.0,-0.9680233001708984,solid,sampled
A1-02,Section 2,2,-0.9759027361869812,373.0,-0.9759027361869812,solid,sampled
A1-02,Section 2,2,-0.9816309809684753,374.0,-0.9816309809684753,solid,sampled
A1-02,Section 2,2,-0.9680416584014893,375.0,-0.9680416584014893,solid,sampled
A1-02,Section 2,2,-0.9828875064849854,376.0,-0.9828875064849854,solid,sampled
A1-02,Section 2,2,-0.9674136638641357,377.0,-0.9674136638641357,solid,sampled
A1-02,Section 2,2,-0.9682698249816895,378.0,-0.9682698249816895,solid,sampled
A1-02,Section 2,2,-0.9761634469032288,379.0,-0.9761634469032288,solid,sampled
A1-02,Section 2,2,-0.9877827763557434,380.0,-0.9877827763557434,solid,sampled
A1-02,Section 2,2,-0.9793903827667236,381.0,-0.9793903827667236,solid,sampled
A1-02,Section 2,2,-0.9564945101737976,382.0,-0.9564945101737976,solid,sampled
A1-02,Section 2,2,-0.9429810047149658,383.0,-0.9429810047149658,solid,sampled
A1-02,Section 2,2,-0.9468894004821777,384.0,-0.9468894004821777,solid,sampled
A1-02,Section 2,2,-0.9401472806930542,385.0,-0.9401472806930542,solid,sampled
A1-02,Section 2,2,-0.9250283241271973,386.0,-0.9250283241271973,solid,sampled
A1-02,Section 2,2,-0.9134500026702881,387.0,-0.9134500026702881,solid,sampled
A1-02,Section 2,2,-0.898014485836029,388.0,-0.898014485836029,solid,sampled
A1-02,Section 2,2,-0.8837809562683105,389.0,-0.8837809562683105,solid,sampled
A1-02,Section 2,2,-0.8801473379135132,390.0,-0.8801473379135132,solid,sampled
A1-02,Section 2,2,-0.8534289598464966,391.0,-0.8534289598464966,solid,sampled
A1-02,Section 2,2,-0.8347669839859009,392.0,-0.8347669839859009,solid,sampled
A1-02,Section 2,2,-0.8201696872711182,393.0,-0.8201696872711182,solid,sampled
A1-02,Section 2,2,-0.7844191789627075,394.0,-0.7844191789627075,solid,sampled
A1-02,Section 2,2,-0.7611792087554932,395.0,-0.7611792087554932,solid,sampled
A1-02,Section 2,2,-0.7372941374778748,396.0,-0.7372941374778748,solid,sampled
A1-02,Section 2,2,-0.714832603931427,397.0,-0.714832603931427,solid,sampled
A1-02,Section 2,2,-0.6941719651222229,398.0,-0.6941719651222229,solid,sampled
A1-02,Section 2,2,-0.6707204580307007,399.0,-0.6707204580307007,solid,sampled
A1-02,Section 2,2,-0.6629512310028076,400.0,-0.6629512310028076,solid,sampled
A1-02,Section 2,2,-0.6351217031478882,401.0,-0.6351217031478882,solid,sampled
A1-02,Section 2,2,-0.6348784565925598,402.0,-0.6348784565925598,solid,sampled
A1-02,Section 2,2,-0.6289815306663513,403.0,-0.6289815306663513,solid,sampled
A1-02,Section 2,2,-0.6201158761978149,404.0,-0.6201158761978149,solid,sampled
A1-02,Section 2,2,-0.6191116571426392,405.0,-0.6191116571426392,solid,sampled
A1-02,Section 2,2,-0.6114538908004761,406.0,-0.6114538908004761,solid,sampled
A1-02,Section 2,2,-0.612869381904602,407.0,-0.612869381904602,solid,sampled
A1-02,Section 2,2,-0.6017844080924988,408.0,-0.6017844080924988,solid,sampled
A1-02,Section 2,2,-0.5907403230667114,409.0,-0.5907403230667114,solid,sampled
A1-02,Section 2,2,-0.5855110883712769,410.0,-0.5855110883712769,solid,sampled
A1-02,Section 2,2,-0.5809086561203003,411.0,-0.5809086561203003,solid,sampled
A1-02,Section 2,2,-0.5675332546234131,412.0,-0.5675332546234131,solid,sampled
A1-02,Section 2,2,-0.5689249038696289,413.0,-0.5689249038696289,solid,sampled
A1-02,Section 2,2,-0.5558324456214905,414.0,-0.5558324456214905,solid,sampled
A1-02,Section 2,2,-0.5418086051940918,415.0,-0.5418086051940918,solid,sampled
A1-02,Section 2,2,-0.5409008264541626,416.0,-0.5409008264541626,solid,sampled
A1-02,Section 2,2,-0.5378588438034058,417.0,-0.5378588438034058,solid,sampled
A1-02,Section 2,2,-0.5233144760131836,418.0,-0.5233144760131836,solid,sampled
A1-02,Section 2,2,-0.5176458358764648,419.0,-0.5176458358764648,solid,sampled
A1-02,Section 2,2,-0.5157476663589478,420.0,-0.5157476663589478,solid,sampled
A1-02,Section 2,2,-0.5036850571632385,421.0,-0.5036850571632385,solid,sampled
A1-02,Section 2,2,-0.4914221167564392,422.0,-0.4914221167564392,solid,sampled
A1-02,Section 2,2,-0.48564302921295166,423.0,-0.48564302921295166,solid,sampled
A1-02,Section 2,2,-0.4817858338356018,424.0,-0.4817858338356018,solid,sampled
A1-02,Section 2,2,-0.47321122884750366,425.0,-0.47321122884750366,solid,sampled
A1-02,Section 2,2,-0.4649357795715332,426.0,-0.4649357795715332,solid,sampled
A1-02,Section 2,2,-0.45534902811050415,427.0,-0.45534902811050415,solid,sampled
A1-02,Section 2,2,-0.44685593247413635,428.0,-0.44685593247413635,solid,sampled
A1-02,Section 2,2,-0.43724799156188965,429.0,-0.43724799156188965,solid,sampled
A1-02,Section 2,2,-0.43018290400505066,430.0,-0.43018290400505066,solid,sampled
A1-02,Section 2,2,-0.42621463537216187,431.0,-0.42621463537216187,solid,sampled
A1-02,Section 2,2,-0.4187682271003723,432.0,-0.4187682271003723,solid,sampled
A1-02,Section 2,2,-0.4148334860801697,433.0,-0.4148334860801697,solid,sampled
A1-02,Section 2,2,-0.40911588072776794,434.0,-0.40911588072776794,solid,sampled
A1-02,Section 2,2,-0.4053778648376465,435.0,-0.4053778648376465,solid,sampled
A1-02,Section 2,2,-0.39878320693969727,436.0,-0.39878320693969727,solid,sampled
A1-02,Section 2,2,-0.4009742736816406,437.0,-0.4009742736816406,solid,sampled
A1-02,Section 2,2,-0.41019994020462036,438.0,-0.41019994020462036,solid,sampled
A1-02,Section 2,2,-0.402637243270874,439.0,-0.402637243270874,solid,sampled
A1-02,Section 2,2,-0.3855058550834656,440.0,-0.3855058550834656,solid,sampled
A1-02,Section 2,2,-0.3889697790145874,441.0,-0.3889697790145874,solid,sampled
A1-02,Section 2,2,-0.38405120372772217,442.0,-0.38405120372772217,solid,sampled
A1-02,Section 2,2,-0.37215307354927063,443.0,-0.37215307354927063,solid,sampled
A1-02,Section 2,2,-0.3668428361415863,444.0,-0.3668428361415863,solid,sampled
A1-02,Section 2,2,-0.3460594415664673,445.0,-0.3460594415664673,solid,sampled
A1-02,Section 2,2,-0.34045693278312683,446.0,-0.34045693278312683,solid,sampled
A1-02,Section 2,2,-0.3483004570007324,447.0,-0.3483004570007324,solid,sampled
A1-02,Section 2,2,-0.3229062557220459,448.0,-0.3229062557220459,solid,sampled
A1-02,Section 2,2,-0.30063802003860474,449.0,-0.30063802003860474,solid,sampled
A1-02,Section 2,2,-0.30087774991989136,450.0,-0.30087774991989136,solid,sampled
A1-02,Section 2,2,-0.2905801832675934,451.0,-0.2905801832675934,solid,sampled
A1-02,Section 2,2,-0.29158902168273926,452.0,-0.29158902168273926,solid,sampled
A1-02,Section 2,2,-0.2723420560359955,453.0,-0.2723420560359955,solid,sampled
A1-02,Section 2,2,-0.273440420627594,454.0,-0.273440420627594,solid,sampled
A1-02,Section 2,2,-0.27162912487983704,455.0,-0.27162912487983704,solid,sampled
A1-02,Section 2,2,-0.25387871265411377,456.0,-0.25387871265411377,solid,sampled
A1-02,Section 2,2,-0.24486637115478516,457.0,-0.24486637115478516,solid,sampled
A1-02,Section 2,2,-0.2488519847393036,458.0,-0.2488519847393036,solid,sampled
A1-02,Section 2,2,-0.23282094299793243,459.0,-0.23282094299793243,solid,sampled
A1-02,Section 2,2,-0.22978055477142334,460.0,-0.22978055477142334,solid,sampled
A1-02,Section 2,2,-0.219011589884758,461.0,-0.219011589884758,solid,sampled
A1-02,Section 2,2,-0.2198498249053955,462.0,-0.2198498249053955,solid,sampled
A1-02,Section 2,2,-0.1904105842113495,463.0,-0.1904105842113495,solid,sampled
A1-02,Section 2,2,-0.19231054186820984,464.0,-0.19231054186820984,solid,sampled
A1-02,Section 2,2,-0.19340604543685913,465.0,-0.19340604543685913,solid,sampled
A1-02,Section 2,2,-0.1824818253517151,466.0,-0.1824818253517151,solid,sampled
A1-02,Section 2,2,-0.1894504427909851,467.0,-0.1894504427909851,solid,sampled
A1-02,Section 2,2,-0.19284582138061523,468.0,-0.19284582138061523,solid,sampled
A1-02,Section 2,2,-0.18801704049110413,469.0,-0.18801704049110413,solid,sampled
A1-02,Section 2,2,-0.1792486011981964,470.0,-0.1792486011981964,solid,sampled
A1-02,Section 2,2,-0.17716145515441895,471.0,-0.17716145515441895,solid,sampled
A1-02,Section 2,2,-0.17379631102085114,472.0,-0.17379631102085114,solid,sampled
A1-02,Section 2,2,-0.16287094354629517,473.0,-0.16287094354629517,solid,sampled
A1-02,Section 2,2,-0.1592869758605957,474.0,-0.1592869758605957,solid,sampled
A1-02,Section 2,2,-0.14850589632987976,475.0,-0.14850589632987976,solid,sampled
A1-02,Section 2,2,-0.16028404235839844,476.0,-0.16028404235839844,solid,sampled
A1-02,Section 2,2,-0.13072443008422852,477.0,-0.13072443008422852,solid,sampled
A1-02,Section 2,2,-0.13546538352966309,478.0,-0.13546538352966309,solid,sampled
A1-02,Section 2,2,-0.1283898949623108,479.0,-0.1283898949623108,solid,sampled
A1-02,Section 2,2,-0.10790348052978516,480.0,-0.10790348052978516,solid,sampled
A1-02,Section 2,2,-0.1205148696899414,481.0,-0.1205148696899414,solid,sampled
A1-02,Section 2,2,-0.10443314909934998,482.0,-0.10443314909934998,solid,sampled
A1-02,Section 2,2,-0.1308671534061432,483.0,-0.1308671534061432,solid,sampled
A1-02,Section 2,2,-0.12186884880065918,484.0,-0.12186884880065918,solid,sampled
A1-02,Section 2,2,-0.12425285577774048,485.0,-0.12425285577774048,solid,sampled
A1-02,Section 2,2,-0.12564139068126678,486.0,-0.12564139068126678,solid,sampled
A1-02,Section 2,2,-0.1191340908408165,487.0,-0.1191340908408165,solid,sampled
A1-02,Section 2,2,-0.14277058839797974,488.0,-0.14277058839797974,solid,sampled
A1-02,Section 2,2,-0.10614299774169922,489.0,-0.10614299774169922,solid,sampled
A1-02,Section 2,2,-0.1646629273891449,490.0,-0.1646629273891449,solid,sampled
A1-02,Section 2,2,-0.11639551818370819,491.0,-0.11639551818370819,solid,sampled
A1-02,Section 2,2,-0.14795690774917603,492.0,-0.14795690774917603,solid,sampled
A1-02,Section 2,2,-0.15096762776374817,493.0,-0.15096762776374817,solid,sampled
A1-02,Section 2,2,-0.1726675033569336,494.0,-0.1726675033569336,solid,sampled
A1-02,Section 2,2,-0.13929948210716248,495.0,-0.13929948210716248,solid,sampled
A1-02,Section 2,2,-0.1817811280488968,496.0,-0.1817811280488968,solid,sampled
A1-02,Section 2,2,-0.19210660457611084,497.0,-0.19210660457611084,solid,sampled
A1-02,Section 2,2,-0.1889229416847229,498.0,-0.1889229416847229,solid,sampled
A1-02,Section 2,2,-0.21961843967437744,499.0,-0.21961843967437744,solid,sampled
A1-02,Section 2,2,-0.1793147176504135,500.0,-0.1793147176504135,solid,sampled
A1-02,Section 2,2,-0.23480606079101562,501.0,-0.23480606079101562,solid,sampled
A1-02,Section 2,2,-0.22174665331840515,502.0,-0.22174665331840515,solid,sampled
A1-02,Section 2,2,-0.21610525250434875,503.0,-0.21610525250434875,solid,sampled
A1-02,Section 2,2,-0.17565195262432098,504.0,-0.17565195262432098,solid,sampled
A1-02,Section 2,2,-0.219335675239563,505.0,-0.219335675239563,solid,sampled
A1-02,Section 2,2,-0.15716588497161865,506.0,-0.15716588497161865,solid,sampled
A1-02,Section 2,2,-0.15221533179283142,507.0,-0.15221533179283142,solid,sampled
A1-02,Section 2,2,-0.14626401662826538,508.0,-0.14626401662826538,solid,sampled
A1-02,Section 2,2,-0.1349942684173584,509.0,-0.1349942684173584,solid,sampled
A1-02,Section 2,2,-0.14414431154727936,510.0,-0.14414431154727936,solid,sampled
A1-02,Section 2,2,-0.14217638969421387,511.0,-0.14217638969421387,solid,sampled
A1-02,Section 2,2,-0.12936171889305115,512.0,-0.12936171889305115,solid,sampled
A1-02,Section 2,2,-0.12408934533596039,513.0,-0.12408934533596039,solid,sampled
A1-02,Section 2,2,-0.1015326976776123,514.0,-0.1015326976776123,solid,sampled
A1-02,Section 2,2,-0.10336995124816895,515.0,-0.10336995124816895,solid,sampled
A1-02,Section 2,2,-0.09685277938842773,516.0,-0.09685277938842773,solid,sampled
A1-02,Section 2,2,-0.09710359573364258,517.0,-0.09710359573364258,solid,sampled
A1-02,Section 2,2,-0.06826788187026978,518.0,-0.06826788187026978,solid,sampled
A1-02,Section 2,2,-0.07405790686607361,519.0,-0.07405790686607361,solid,sampled
A1-02,Section 2,2,-0.05183235555887222,520.0,-0.05183235555887222,solid,sampled
A1-02,Section 2,2,-0.03897218406200409,521.0,-0.03897218406200409,solid,sampled
A1-02,Section 2,2,-0.027462303638458252,522.0,-0.027462303638458252,solid,sampled
A1-02,Section 2,2,-0.01725180447101593,523.0,-0.01725180447101593,solid,sampled
A1-02,Section 2,2,-0.0033906549215316772,524.0,-0.0033906549215316772,solid,sampled
A1-02,Section 2,2,0.0065356045961380005,525.0,0.0065356045961380005,solid,sampled
A1-02,Section 2,2,0.016582846641540527,526.0,0.016582846641540527,solid,sampled
A1-02,Section 2,2,0.019756436347961426,527.0,0.019756436347961426,solid,sampled
A1-02,Section 2,2,0.027259767055511475,528.0,0.027259767055511475,solid,sampled
A1-02,Section 2,2,0.042972907423973083,529.0,0.042972907423973083,solid,sampled
A1-02,Section 2,2,0.05574691295623779,530.0,0.05574691295623779,solid,sampled
A1-02,Section 2,2,0.07432650774717331,531.0,0.07432650774717331,solid,sampled
A1-02,Section 2,2,0.09906303882598877,532.0,0.09906303882598877,solid,sampled
A1-02,Section 2,2,0.11373162269592285,533.0,0.11373162269592285,solid,sampled
A1-02,Section 2,2,0.16356606781482697,534.0,0.16356606781482697,solid,sampled
A1-02,Section 2,2,0.2149166315793991,535.0,0.2149166315793991,solid,sampled
A1-02,Section 2,2,0.2690623998641968,536.0,0.2690623998641968,solid,sampled
A1-02,Section 2,2,0.3018220067024231,537.0,0.3018220067024231,solid,sampled
A1-02,Section 2,2,0.3614063262939453,538.0,0.3614063262939453,solid,sampled
A1-02,Section 2,2,0.3821519911289215,539.0,0.3821519911289215,solid,sampled
A1-02,Section 2,2,0.46047353744506836,540.0,0.46047353744506836,solid,sampled
A1-02,Section 2,2,0.4667244553565979,541.0,0.4667244553565979,solid,sampled
A1-02,Section 2,2,0.5200492739677429,542.0,0.5200492739677429,solid,sampled
A1-02,Section 2,2,0.5230022072792053,543.0,0.5230022072792053,solid,sampled
A1-02,Section 2,2,0.5828428864479065,544.0,0.5828428864479065,solid,sampled
A1-02,Section 2,2,0.6311346888542175,545.0,0.6311346888542175,solid,sampled
A1-02,Section 2,2,0.6864807605743408,546.0,0.6864807605743408,solid,sampled
A1-02,Section 2,2,0.7322005033493042,547.0,0.7322005033493042,solid,sampled
A1-02,Section 2,2,0.7701473236083984,548.0,0.7701473236083984,solid,sampled
A1-02,Section 2,2,0.7922561168670654,549.0,0.7922561168670654,solid,sampled
A1-02,Section 2,2,0.8546150922775269,550.0,0.8546150922775269,solid,sampled
A1-02,Section 2,2,0.8945883512496948,551.0,0.8945883512496948,solid,sampled
A1-02,Section 2,2,0.92137211561203,552.0,0.92137211561203,solid,sampled
A1-02,Section 2,2,0.9530086517333984,553.0,0.9530086517333984,solid,sampled
A1-02,Section 2,2,0.9714560508728027,554.0,0.9714560508728027,solid,sampled
A1-02,Section 2,2,0.9947444796562195,555.0,0.9947444796562195,solid,sampled
A1-02,Section 2,2,1.0192656517028809,556.0,1.0192656517028809,solid,sampled
A1-02,Section 2,2,1.0424699783325195,557.0,1.0424699783325195,solid,sampled
A1-02,Section 2,2,1.0886914730072021,558.0,1.0886914730072021,solid,sampled
A1-02,Section 2,2,1.1278717517852783,559.0,1.1278717517852783,solid,sampled
A1-02,Section 2,2,1.1660640239715576,560.0,1.1660640239715576,solid,sampled
A1-02,Section 2,2,1.2034857273101807,561.0,1.2034857273101807,solid,sampled
A1-02,Section 2,2,1.2626690864562988,562.0,1.2626690864562988,solid,sampled
A1-02,Section 2,2,1.294668197631836,563.0,1.294668197631836,solid,sampled
A1-02,Section 2,2,1.3394732475280762,564.0,1.3394732475280762,solid,sampled
A1-02,Section 2,2,1.3762092590332031,565.0,1.3762092590332031,solid,sampled
A1-02,Section 2,2,1.4108483791351318,566.0,1.4108483791351318,solid,sampled
A1-02,Section 2,2,1.4705102443695068,567.0,1.4705102443695068,solid,sampled
A1-02,Section 2,2,1.5062973499298096,568.0,1.5062973499298096,solid,sampled
A1-02,Section 2,2,1.5350914001464844,569.0,1.5350914001464844,solid,sampled
A1-02,Section 2,2,1.5764949321746826,570.0,1.5764949321746826,solid,sampled
A1-02,Section 2,2,1.6136236190795898,571.0,1.6136236190795898,solid,sampled
A1-02,Section 2,2,1.6533787250518799,572.0,1.6533787250518799,solid,sampled
A1-02,Section 2,2,1.6718766689300537,573.0,1.6718766689300537,solid,sampled
A1-02,Section 2,2,1.732974648475647,574.0,1.732974648475647,solid,sampled
A1-02,Section 2,2,1.7514160871505737,575.0,1.7514160871505737,solid,sampled
A1-02,Section 2,2,1.7746448516845703,576.0,1.7746448516845703,solid,sampled
A1-02,Section 2,2,1.8017667531967163,577.0,1.8017667531967163,solid,sampled
A1-02,Section 2,2,1.8034753799438477,578.0,1.8034753799438477,solid,sampled
A1-02,Section 2,2,1.807918906211853,579.0,1.807918906211853,solid,sampled
A1-02,Section 2,2,1.8146438598632812,580.0,1.8146438598632812,solid,sampled
A1-02,Section 2,2,1.8177692890167236,581.0,1.8177692890167236,solid,sampled
A1-02,Section 2,2,1.81227707862854,582.0,1.81227707862854,solid,sampled
A1-02,Section 2,2,1.7974717617034912,583.0,1.7974717617034912,solid,sampled
A1-02,Section 2,2,1.735379934310913,584.0,1.735379934310913,solid,sampled
A1-02,Section 2,2,1.7389159202575684,585.0,1.7389159202575684,solid,sampled
A1-02,Section 2,2,1.7508275508880615,586.0,1.7508275508880615,solid,sampled
A1-02,Section 2,2,1.7681090831756592,587.0,1.7681090831756592,solid,sampled
A1-02,Section 2,2,1.7789881229400635,588.0,1.7789881229400635,solid,sampled
A1-02,Section 2,2,1.799675464630127,589.0,1.799675464630127,solid,sampled
A1-02,Section 2,2,1.8145679235458374,590.0,1.8145679235458374,solid,sampled
A1-02,Section 2,2,1.8331325054168701,591.0,1.8331325054168701,solid,sampled
A1-02,Section 2,2,1.8534352779388428,592.0,1.8534352779388428,solid,sampled
A1-02,Section 2,2,1.8671610355377197,593.0,1.8671610355377197,solid,sampled
A1-02,Section 2,2,1.8856340646743774,594.0,1.8856340646743774,solid,sampled
A1-02,Section 2,2,1.8997470140457153,595.0,1.8997470140457153,solid,sampled
A1-02,Section 2,2,1.903578758239746,596.0,1.903578758239746,solid,sampled
A1-02,Section 2,2,1.9122446775436401,597.0,1.9122446775436401,solid,sampled
A1-02,Section 2,2,1.9431183338165283,598.0,1.9431183338165283,solid,sampled
A1-02,Section 2,2,1.9412271976470947,599.0,1.9412271976470947,solid,sampled
A1-02,Section 2,2,1.9497750997543335,600.0,1.9497750997543335,solid,sampled
A1-02,Section 2,2,1.9648892879486084,601.0,1.9648892879486084,solid,sampled
A1-02,Section 2,2,1.958605170249939,602.0,1.958605170249939,solid,sampled
A1-02,Section 2,2,1.9774819612503052,603.0,1.9774819612503052,solid,sampled
A1-02,Section 2,2,1.9799118041992188,604.0,1.9799118041992188,solid,sampled
A1-02,Section 2,2,1.9864274263381958,605.0,1.9864274263381958,solid,sampled
A1-02,Section 2,2,1.9995863437652588,606.0,1.9995863437652588,solid,sampled
A1-02,Section 2,2,2.007312774658203,607.0,2.007312774658203,solid,sampled
A1-02,Section 2,2,2.0070180892944336,608.0,2.0070180892944336,solid,sampled
A1-02,Section 2,2,2.0202722549438477,609.0,2.0202722549438477,solid,sampled
A1-02,Section 2,2,2.0251693725585938,610.0,2.0251693725585938,solid,sampled
A1-02,Section 2,2,2.0338099002838135,611.0,2.0338099002838135,solid,sampled
A1-02,Section 2,2,2.0382657051086426,612.0,2.0382657051086426,solid,sampled
A1-02,Section 2,2,2.0529251098632812,613.0,2.0529251098632812,solid,sampled
A1-02,Section 2,2,2.0654826164245605,614.0,2.0654826164245605,solid,sampled
A1-02,Section 2,2,2.06957745552063,615.0,2.06957745552063,solid,sampled
A1-02,Section 2,2,2.075378179550171,616.0,2.075378179550171,solid,sampled
A1-02,Section 2,2,2.0823352336883545,617.0,2.0823352336883545,solid,sampled
A1-02,Section 2,2,2.07858943939209,618.0,2.07858943939209,solid,sampled
A1-02,Section 2,2,2.092729330062866,619.0,2.092729330062866,solid,sampled
A1-02,Section 2,2,2.0967156887054443,620.0,2.0967156887054443,solid,sampled
A1-02,Section 2,2,2.096040964126587,621.0,2.096040964126587,solid,sampled
A1-02,Section 2,2,2.1041455268859863,622.0,2.1041455268859863,solid,sampled
A1-02,Section 2,2,2.1193509101867676,623.0,2.1193509101867676,solid,sampled
A1-02,Section 2,2,2.12638783454895,624.0,2.12638783454895,solid,sampled
A1-02,Section 2,2,2.129523515701294,625.0,2.129523515701294,solid,sampled
A1-02,Section 2,2,2.127114772796631,626.0,2.127114772796631,solid,sampled
A1-02,Section 2,2,2.1403675079345703,627.0,2.1403675079345703,solid,sampled
A1-02,Section 2,2,2.145775318145752,628.0,2.145775318145752,solid,sampled
A1-02,Section 2,2,2.1523637771606445,629.0,2.1523637771606445,solid,sampled
A1-02,Section 2,2,2.1677777767181396,630.0,2.1677777767181396,solid,sampled
A1-02,Section 2,2,2.174774646759033,631.0,2.174774646759033,solid,sampled
A1-02,Section 2,2,2.186328649520874,632.0,2.186328649520874,solid,sampled
A1-02,Section 2,2,2.206183671951294,633.0,2.206183671951294,solid,sampled
A1-02,Section 2,2,2.2116479873657227,634.0,2.2116479873657227,solid,sampled
A1-02,Section 2,2,2.2231826782226562,635.0,2.2231826782226562,solid,sampled
A1-02,Section 2,2,2.2432990074157715,636.0,2.2432990074157715,solid,sampled
A1-02,Section 2,2,2.2433571815490723,637.0,2.2433571815490723,solid,sampled
A1-02,Section 2,2,2.2603302001953125,638.0,2.2603302001953125,solid,sampled
A1-02,Section 2,2,2.2712645530700684,639.0,2.2712645530700684,solid,sampled
A1-02,Section 2,2,2.2920384407043457,640.0,2.2920384407043457,solid,sampled
A1-02,Section 2,2,2.298273801803589,641.0,2.298273801803589,solid,sampled
A1-02,Section 2,2,2.311960220336914,642.0,2.311960220336914,solid,sampled
A1-02,Section 2,2,2.316394090652466,643.0,2.316394090652466,solid,sampled
A1-02,Section 2,2,2.3274717330932617,644.0,2.3274717330932617,solid,sampled
A1-02,Section 2,2,2.3341586589813232,645.0,2.3341586589813232,solid,sampled
A1-02,Section 2,2,2.3516592979431152,646.0,2.3516592979431152,solid,sampled
A1-02,Section 2,2,2.3714637756347656,647.0,2.3714637756347656,solid,sampled
A1-02,Section 2,2,2.3737986087799072,648.0,2.3737986087799072,solid,sampled
A1-02,Section 2,2,2.3820812702178955,649.0,2.3820812702178955,solid,sampled
A1-02,Section 2,2,2.389901638031006,650.0,2.389901638031006,solid,sampled
A1-02,Section 2,2,2.400273323059082,651.0,2.400273323059082,solid,sampled
A1-02,Section 2,2,2.424320697784424,652.0,2.424320697784424,solid,sampled
A1-02,Section 2,2,2.4320321083068848,653.0,2.4320321083068848,solid,sampled
A1-02,Section 2,2,2.4465909004211426,654.0,2.4465909004211426,solid,sampled
A1-02,Section 2,2,2.4385557174682617,655.0,2.4385557174682617,solid,sampled
A1-02,Section 2,2,2.4639604091644287,656.0,2.4639604091644287,solid,sampled
A1-02,Section 2,2,2.475109815597534,657.0,2.475109815597534,solid,sampled
A1-02,Section 2,2,2.4859859943389893,658.0,2.4859859943389893,solid,sampled
A1-02,Section 2,2,2.50167179107666,659.0,2.50167179107666,solid,sampled
A1-02,Section 2,2,2.504769802093506,660.0,2.504769802093506,solid,sampled
A1-02,Section 2,2,2.5136804580688477,661.0,2.5136804580688477,solid,sampled
A1-02,Section 2,2,2.5525572299957275,662.0,2.5525572299957275,solid,sampled
A1-02,Section 2,2,2.572751760482788,663.0,2.572751760482788,solid,sampled
A1-02,Section 2,2,2.57939076423645,664.0,2.57939076423645,solid,sampled
A1-02,Section 2,2,2.5924127101898193,665.0,2.5924127101898193,solid,sampled
A1-02,Section 2,2,2.6115896701812744,666.0,2.6115896701812744,solid,sampled
A1-02,Section 2,2,2.621392250061035,667.0,2.621392250061035,solid,sampled
A1-02,Section 2,2,2.6268093585968018,668.0,2.6268093585968018,solid,sampled
A1-02,Section 2,2,2.6496903896331787,669.0,2.6496903896331787,solid,sampled
A1-02,Section 2,2,2.664680004119873,670.0,2.664680004119873,solid,sampled
A1-02,Section 2,2,2.7065556049346924,671.0,2.7065556049346924,solid,sampled
A1-02,Section 2,2,2.7075626850128174,672.0,2.7075626850128174,solid,sampled
A1-02,Section 2,2,2.7330498695373535,673.0,2.7330498695373535,solid,sampled
A1-02,Section 2,2,2.7346203327178955,674.0,2.7346203327178955,solid,sampled
A1-02,Section 2,2,2.7772979736328125,675.0,2.7772979736328125,solid,sampled
A1-02,Section 2,2,2.7887909412384033,676.0,2.7887909412384033,solid,sampled
A1-02,Section 2,2,2.8224411010742188,677.0,2.8224411010742188,solid,sampled
A1-02,Section 2,2,2.843188762664795,678.0,2.843188762664795,solid,sampled
A1-02,Section 2,2,2.84960675239563,679.0,2.84960675239563,solid,sampled
A1-02,Section 2,2,2.8748202323913574,680.0,2.8748202323913574,solid,sampled
A1-02,Section 2,2,2.8891677856445312,681.0,2.8891677856445312,solid,sampled
A1-02,Section 2,2,2.9035911560058594,682.0,2.9035911560058594,solid,sampled
A1-02,Section 2,2,2.922140121459961,683.0,2.922140121459961,solid,sampled
A1-02,Section 2,2,2.9325263500213623,684.0,2.9325263500213623,solid,sampled
A1-02,Section 2,2,2.9538941383361816,685.0,2.9538941383361816,solid,sampled
A1-02,Section 2,2,2.972348690032959,686.0,2.972348690032959,solid,sampled
A1-02,Section 2,2,2.9816672801971436,687.0,2.9816672801971436,solid,sampled
A1-02,Section 2,2,3.0067806243896484,688.0,3.0067806243896484,solid,sampled
A1-02,Section 2,2,3.022843360900879,689.0,3.022843360900879,solid,sampled
A1-02,Section 2,2,3.0451464653015137,690.0,3.0451464653015137,solid,sampled
A1-02,Section 2,2,3.05617094039917,691.0,3.05617094039917,solid,sampled
A1-02,Section 2,2,3.0746333599090576,692.0,3.0746333599090576,solid,sampled
A1-02,Section 2,2,3.1161458492279053,693.0,3.1161458492279053,solid,sampled
A1-02,Section 2,2,3.111325263977051,694.0,3.111325263977051,solid,sampled
A1-02,Section 2,2,3.1358773708343506,695.0,3.1358773708343506,solid,sampled
A1-02,Section 2,2,3.156435966491699,696.0,3.156435966491699,solid,sampled
A1-02,Section 2,2,3.1610519886016846,697.0,3.1610519886016846,solid,sampled
A1-02,Section 2,2,3.1672582626342773,698.0,3.1672582626342773,solid,sampled
A1-02,Section 2,2,3.1645286083221436,699.0,3.1645286083221436,solid,sampled
A1-02,Section 2,2,3.1766762733459473,700.0,3.1766762733459473,solid,sampled
A1-02,Section 2,2,3.17667293548584,701.0,3.17667293548584,solid,sampled
A1-02,Section 2,2,3.2002246379852295,702.0,3.2002246379852295,solid,sampled
A1-02,Section 2,2,3.202575206756592,703.0,3.202575206756592,solid,sampled
A1-02,Section 2,2,3.2150022983551025,704.0,3.2150022983551025,solid,sampled
A1-02,Section 2,2,3.219313859939575,705.0,3.219313859939575,solid,sampled
A1-02,Section 2,2,3.2243964672088623,706.0,3.2243964672088623,solid,sampled
A1-02,Section 2,2,3.2456300258636475,707.0,3.2456300258636475,solid,sampled
A1-02,Section 2,2,3.2560482025146484,708.0,3.2560482025146484,solid,sampled
A1-02,Section 2,2,3.267082691192627,709.0,3.267082691192627,solid,sampled
A1-02,Section 2,2,3.2761781215667725,710.0,3.2761781215667725,solid,sampled
A1-02,Section 2,2,3.2841951847076416,711.0,3.2841951847076416,solid,sampled
A1-02,Section 2,2,3.301386833190918,712.0,3.301386833190918,solid,sampled
A1-02,Section 2,2,3.323748826980591,713.0,3.323748826980591,solid,sampled
A1-02,Section 2,2,3.3296501636505127,714.0,3.3296501636505127,solid,sampled
A1-02,Section 2,2,3.3395729064941406,715.0,3.3395729064941406,solid,sampled
A1-02,Section 2,2,3.362300395965576,716.0,3.362300395965576,solid,sampled
A1-02,Section 2,2,3.3740453720092773,717.0,3.3740453720092773,solid,sampled
A1-02,Section 2,2,3.3896312713623047,718.0,3.3896312713623047,solid,sampled
A1-02,Section 2,2,3.4017908573150635,719.0,3.4017908573150635,solid,sampled
A1-02,Section 2,2,3.4210009574890137,720.0,3.4210009574890137,solid,sampled
A1-02,Section 2,2,3.438910961151123,721.0,3.438910961151123,solid,sampled
A1-02,Section 2,2,3.4643726348876953,722.0,3.4643726348876953,solid,sampled
A1-02,Section 2,2,3.487971067428589,723.0,3.487971067428589,solid,sampled
A1-02,Section 2,2,3.492894172668457,724.0,3.492894172668457,solid,sampled
A1-02,Section 2,2,3.5165419578552246,725.0,3.5165419578552246,solid,sampled
A1-02,Section 2,2,3.537093162536621,726.0,3.537093162536621,solid,sampled
A1-02,Section 2,2,3.577883005142212,727.0,3.577883005142212,solid,sampled
A1-02,Section 2,2,3.604057788848877,728.0,3.604057788848877,solid,sampled
A1-02,Section 2,2,3.6395673751831055,729.0,3.6395673751831055,solid,sampled
A1-02,Section 2,2,3.6635653972625732,730.0,3.6635653972625732,solid,sampled
A1-02,Section 2,2,3.6857643127441406,731.0,3.6857643127441406,solid,sampled
A1-02,Section 2,2,3.7146639823913574,732.0,3.7146639823913574,solid,sampled
A1-02,Section 2,2,3.727717876434326,733.0,3.727717876434326,solid,sampled
A1-02,Section 2,2,3.746649742126465,734.0,3.746649742126465,solid,sampled
A1-02,Section 2,2,3.756721019744873,735.0,3.756721019744873,solid,sampled
A1-02,Section 2,2,3.7678349018096924,736.0,3.7678349018096924,solid,sampled
A1-02,Section 2,2,3.774407148361206,737.0,3.774407148361206,solid,sampled
A1-02,Section 2,2,3.7837677001953125,738.0,3.7837677001953125,solid,sampled
A1-02,Section 2,2,3.7872962951660156,739.0,3.7872962951660156,solid,sampled
A1-02,Section 2,2,3.791682481765747,740.0,3.791682481765747,solid,sampled
A1-02,Section 2,2,3.813403367996216,741.0,3.813403367996216,solid,sampled
A1-02,Section 2,2,3.8014984130859375,742.0,3.8014984130859375,solid,sampled
A1-02,Section 2,2,3.817660331726074,743.0,3.817660331726074,solid,sampled
A1-02,Section 2,2,3.8116252422332764,744.0,3.8116252422332764,solid,sampled
A1-02,Section 2,2,3.8241183757781982,745.0,3.8241183757781982,solid,sampled
A1-02,Section 2,2,3.835134506225586,746.0,3.835134506225586,solid,sampled
A1-02,Section 2,2,3.8557705879211426,747.0,3.8557705879211426,solid,sampled
A1-02,Section 2,2,3.865459442138672,748.0,3.865459442138672,solid,sampled
A1-02,Section 2,2,3.8880228996276855,749.0,3.8880228996276855,solid,sampled
A1-02,Section 2,2,3.8945152759552,750.0,3.8945152759552,solid,sampled
A1-02,Section 2,2,3.8959197998046875,751.0,3.8959197998046875,solid,sampled
A1-02,Section 2,2,3.907261371612549,752.0,3.907261371612549,solid,sampled
A1-02,Section 2,2,3.8882501125335693,753.0,3.8882501125335693,solid,sampled
A1-02,Section 2,2,3.8967199325561523,754.0,3.8967199325561523,solid,sampled
A1-02,Section 2,2,3.8939058780670166,755.0,3.8939058780670166,solid,sampled
A1-02,Section 2,2,3.8882157802581787,756.0,3.8882157802581787,solid,sampled
A1-02,Section 2,2,3.887948989868164,757.0,3.887948989868164,solid,sampled
A1-02,Section 2,2,3.888091564178467,758.0,3.888091564178467,solid,sampled
A1-02,Section 2,2,3.8902149200439453,759.0,3.8902149200439453,solid,sampled
A1-02,Section 2,2,3.8904941082000732,760.0,3.8904941082000732,solid,sampled
A1-02,Section 2,2,3.8980133533477783,761.0,3.8980133533477783,solid,sampled
A1-02,Section 2,2,3.8961315155029297,762.0,3.8961315155029297,solid,sampled
A1-02,Section 2,2,3.8978018760681152,763.0,3.8978018760681152,solid,sampled
A1-02,Section 2,2,3.897207498550415,764.0,3.897207498550415,solid,sampled
A1-02,Section 2,2,3.894678831100464,765.0,3.894678831100464,solid,sampled
A1-02,Section 2,2,3.893758773803711,766.0,3.893758773803711,solid,sampled
A1-02,Section 2,2,3.889866828918457,767.0,3.889866828918457,solid,sampled
A1-02,Section 2,2,3.8805360794067383,768.0,3.8805360794067383,solid,sampled
A1-02,Section 2,2,3.8717200756073,769.0,3.8717200756073,solid,sampled
A1-02,Section 2,2,3.8703174591064453,770.0,3.8703174591064453,solid,sampled
A1-02,Section 2,2,3.883880376815796,771.0,3.883880376815796,solid,sampled
A1-02,Section 2,2,3.883164882659912,772.0,3.883164882659912,solid,sampled
A1-02,Section 2,2,3.882256031036377,773.0,3.882256031036377,solid,sampled
A1-02,Section 2,2,3.8830208778381348,774.0,3.8830208778381348,solid,sampled
A1-02,Section 2,2,3.8778438568115234,775.0,3.8778438568115234,solid,sampled
A1-02,Section 2,2,3.8768303394317627,776.0,3.8768303394317627,solid,sampled
A1-02,Section 2,2,3.8799450397491455,777.0,3.8799450397491455,solid,sampled
A1-02,Section 2,2,3.875429630279541,778.0,3.875429630279541,solid,sampled
A1-02,Section 2,2,3.868305206298828,779.0,3.868305206298828,solid,sampled
A1-02,Section 2,2,3.8644556999206543,780.0,3.8644556999206543,solid,sampled
A1-02,Section 2,2,3.869204521179199,781.0,3.869204521179199,solid,sampled
A1-02,Section 2,2,3.8654046058654785,782.0,3.8654046058654785,solid,sampled
A1-02,Section 2,2,3.8682260513305664,783.0,3.8682260513305664,solid,sampled
A1-02,Section 2,2,3.860563278198242,784.0,3.860563278198242,solid,sampled
A1-02,Section 2,2,3.858323574066162,785.0,3.858323574066162,solid,sampled
A1-02,Section 2,2,3.849916934967041,786.0,3.849916934967041,solid,sampled
A1-02,Section 2,2,3.855255126953125,787.0,3.855255126953125,solid,sampled
A1-02,Section 2,2,3.8564281463623047,788.0,3.8564281463623047,solid,sampled
A1-02,Section 2,2,3.8455801010131836,789.0,3.8455801010131836,solid,sampled
A1-02,Section 2,2,3.842928409576416,790.0,3.842928409576416,solid,sampled
A1-02,Section 2,2,3.821195602416992,791.0,3.821195602416992,solid,sampled
A1-02,Section 2,2,3.830338478088379,792.0,3.830338478088379,solid,sampled
A1-02,Section 2,2,3.8287978172302246,793.0,3.8287978172302246,solid,sampled
A1-02,Section 2,2,3.8197669982910156,794.0,3.8197669982910156,solid,sampled
A1-02,Section 2,2,3.81864857673645,795.0,3.81864857673645,solid,sampled
A1-02,Section 2,2,3.799325466156006,796.0,3.799325466156006,solid,sampled
A1-02,Section 2,2,3.796464681625366,797.0,3.796464681625366,solid,sampled
A1-02,Section 2,2,3.791476249694824,798.0,3.791476249694824,solid,sampled
A1-02,Section 2,2,3.7806310653686523,799.0,3.7806310653686523,solid,sampled
A1-02,Section 2,2,3.767026424407959,800.0,3.767026424407959,solid,sampled
A1-02,Section 2,2,3.751399040222168,801.0,3.751399040222168,solid,sampled
A1-02,Section 2,2,3.7496886253356934,802.0,3.7496886253356934,solid,sampled
A1-02,Section 2,2,3.734226703643799,803.0,3.734226703643799,solid,sampled
A1-02,Section 2,2,3.7154970169067383,804.0,3.7154970169067383,solid,sampled
A1-02,Section 2,2,3.685755968093872,805.0,3.685755968093872,solid,sampled
A1-02,Section 2,2,3.6614599227905273,806.0,3.6614599227905273,solid,sampled
A1-02,Section 2,2,3.6305160522460938,807.0,3.6305160522460938,solid,sampled
A1-02,Section 2,2,3.620828628540039,808.0,3.620828628540039,solid,sampled
A1-02,Section 2,2,3.6237027645111084,809.0,3.6237027645111084,solid,sampled
A1-02,Section 2,2,3.6184539794921875,810.0,3.6184539794921875,solid,sampled
A1-02,Section 2,2,3.615276575088501,811.0,3.615276575088501,solid,sampled
A1-02,Section 2,2,3.6278390884399414,812.0,3.6278390884399414,solid,sampled
A1-02,Section 2,2,3.622509002685547,813.0,3.622509002685547,solid,sampled
A1-02,Section 2,2,3.6270575523376465,814.0,3.6270575523376465,solid,sampled
A1-02,Section 2,2,3.6233882904052734,815.0,3.6233882904052734,solid,sampled
A1-02,Section 2,2,3.6241672039031982,816.0,3.6241672039031982,solid,sampled
A1-02,Section 2,2,3.6287834644317627,817.0,3.6287834644317627,solid,sampled
A1-02,Section 2,2,3.6425387859344482,818.0,3.6425387859344482,solid,sampled
A1-02,Section 2,2,3.6363863945007324,819.0,3.6363863945007324,solid,sampled
A1-02,Section 2,2,3.6461098194122314,820.0,3.6461098194122314,solid,sampled
A1-02,Section 2,2,3.6384458541870117,821.0,3.6384458541870117,solid,sampled
A1-02,Section 2,2,3.6427226066589355,822.0,3.6427226066589355,solid,sampled
A1-02,Section 2,2,3.6529994010925293,823.0,3.6529994010925293,solid,sampled
A1-02,Section 2,2,3.6601271629333496,824.0,3.6601271629333496,solid,sampled
A1-02,Section 2,2,3.6784818172454834,825.0,3.6784818172454834,solid,sampled
A1-02,Section 2,2,3.6820032596588135,826.0,3.6820032596588135,solid,sampled
A1-02,Section 2,2,3.6871626377105713,827.0,3.6871626377105713,solid,sampled
A1-02,Section 2,2,3.7009663581848145,828.0,3.7009663581848145,solid,sampled
A1-02,Section 2,2,3.7025249004364014,829.0,3.7025249004364014,solid,sampled
A1-02,Section 2,2,3.710391044616699,830.0,3.710391044616699,solid,sampled
A1-02,Section 2,2,3.72174072265625,831.0,3.72174072265625,solid,sampled
A1-02,Section 2,2,3.7211239337921143,832.0,3.7211239337921143,solid,sampled
A1-02,Section 2,2,3.719695806503296,833.0,3.719695806503296,solid,sampled
A1-02,Section 2,2,3.745270252227783,834.0,3.745270252227783,solid,sampled
A1-02,Section 2,2,3.7396557331085205,835.0,3.7396557331085205,solid,sampled
A1-02,Section 2,2,3.7443501949310303,836.0,3.7443501949310303,solid,sampled
A1-02,Section 2,2,3.769554376602173,837.0,3.769554376602173,solid,sampled
A1-02,Section 2,2,3.7740368843078613,838.0,3.7740368843078613,solid,sampled
A1-02,Section 2,2,3.774846076965332,839.0,3.774846076965332,solid,sampled
A1-02,Section 2,2,3.7763688564300537,840.0,3.7763688564300537,solid,sampled
A1-02,Section 2,2,3.7860794067382812,841.0,3.7860794067382812,solid,sampled
A1-02,Section 2,2,3.790464401245117,842.0,3.790464401245117,solid,sampled
A1-02,Section 2,2,3.8021035194396973,843.0,3.8021035194396973,solid,sampled
A1-02,Section 2,2,0.0,844.0,,dotted,null_fill
A1-02,Section 2,2,0.0,845.0,,dotted,null_fill
A1-02,Section 2,2,0.0,846.0,,dotted,null_fill
A1-02,Section 2,2,0.0,847.0,,dotted,null_fill
A1-02,Section 2,2,0.0,848.0,,dotted,null_fill
A1-02,Section 2,2,0.0,849.0,,dotted,null_fill
A1-02,Section 2,2,0.0,850.0,,dotted,null_fill
A1-02,Section 2,2,0.0,851.0,,dotted,null_fill
A1-02,Section 2,2,0.0,852.0,,dotted,null_fill
A1-02,Section 2,2,0.0,853.0,,dotted,null_fill
A1-02,Section 2,2,0.0,854.0,,dotted,null_fill
A1-02,Section 2,2,0.0,855.0,,dotted,null_fill
A1-02,Section 2,2,0.0,856.0,,dotted,null_fill
A1-02,Section 2,2,0.0,857.0,,dotted,null_fill
A1-02,Section 2,2,0.0,858.0,,dotted,null_fill
A1-02,Section 2,2,0.0,859.0,,dotted,null_fill
A1-02,Section 2,2,0.0,860.0,,dotted,null_fill
A1-02,Section 2,2,0.0,861.0,,dotted,null_fill
A1-02,Section 2,2,0.0,862.0,,dotted,null_fill
A1-02,Section 2,2,0.0,863.0,,dotted,null_fill
A1-02,Section 2,2,0.0,864.0,,dotted,null_fill
A1-03,Section 3,3,0.0,0.0,,dotted,null_fill
A1-03,Section 3,3,0.0,1.0,,dotted,null_fill
A1-03,Section 3,3,0.0,2.0,,dotted,null_fill
A1-03,Section 3,3,0.0,3.0,,dotted,null_fill
A1-03,Section 3,3,0.0,4.0,,dotted,null_fill
A1-03,Section 3,3,0.0,5.0,,dotted,null_fill
A1-03,Section 3,3,0.0,6.0,,dotted,null_fill
A1-03,Section 3,3,0.0,7.0,,dotted,null_fill
A1-03,Section 3,3,0.0,8.0,,dotted,null_fill
A1-03,Section 3,3,0.0,9.0,,dotted,null_fill
A1-03,Section 3,3,0.0,10.0,,dotted,null_fill
A1-03,Section 3,3,0.0,11.0,,dotted,null_fill
A1-03,Section 3,3,0.0,12.0,,dotted,null_fill
A1-03,Section 3,3,0.0,13.0,,dotted,null_fill
A1-03,Section 3,3,0.0,14.0,,dotted,null_fill
A1-03,Section 3,3,0.0,15.0,,dotted,null_fill
A1-03,Section 3,3,0.0,16.0,,dotted,null_fill
A1-03,Section 3,3,0.0,17.0,,dotted,null_fill
A1-03,Section 3,3,0.0,18.0,,dotted,null_fill
A1-03,Section 3,3,0.0,19.0,,dotted,null_fill
A1-03,Section 3,3,0.0,20.0,,dotted,null_fill
A1-03,Section 3,3,0.0,21.0,,dotted,null_fill
A1-03,Section 3,3,0.0,22.0,,dotted,null_fill
A1-03,Section 3,3,0.0,23.0,,dotted,null_fill
A1-03,Section 3,3,-3.0,24.0,-69.65786743164062,solid,water_floor
A1-03,Section 3,3,-3.0,25.0,-61.680702209472656,solid,water_floor
A1-03,Section 3,3,-3.0,26.0,-65.67533874511719,solid,water_floor
A1-03,Section 3,3,-3.0,27.0,-76.74017333984375,solid,water_floor
A1-03,Section 3,3,-3.0,28.0,-65.36471557617188,solid,water_floor
A1-03,Section 3,3,-3.0,29.0,-74.43916320800781,solid,water_floor
A1-03,Section 3,3,-3.0,30.0,-73.44647216796875,solid,water_floor
A1-03,Section 3,3,-3.0,31.0,-74.73302459716797,solid,water_floor
A1-03,Section 3,3,-3.0,32.0,-59.47386169433594,solid,water_floor
A1-03,Section 3,3,-3.0,33.0,-66.36798858642578,solid,water_floor
A1-03,Section 3,3,-3.0,34.0,-70.57508850097656,solid,water_floor
A1-03,Section 3,3,-3.0,35.0,-69.60525512695312,solid,water_floor
A1-03,Section 3,3,-3.0,36.0,-72.5702896118164,solid,water_floor
A1-03,Section 3,3,-3.0,37.0,-71.9653549194336,solid,water_floor
A1-03,Section 3,3,-3.0,38.0,-68.64451599121094,solid,water_floor
A1-03,Section 3,3,-3.0,39.0,-67.60806274414062,solid,water_floor
A1-03,Section 3,3,-3.0,40.0,-63.46410369873047,solid,water_floor
A1-03,Section 3,3,-3.0,41.0,-62.88719940185547,solid,water_floor
A1-03,Section 3,3,-3.0,42.0,-71.319580078125,solid,water_floor
A1-03,Section 3,3,-3.0,43.0,-58.42835235595703,solid,water_floor
A1-03,Section 3,3,-3.0,44.0,-61.99209976196289,solid,water_floor
A1-03,Section 3,3,-3.0,45.0,-57.381263732910156,solid,water_floor
A1-03,Section 3,3,-3.0,46.0,-59.998809814453125,solid,water_floor
A1-03,Section 3,3,-3.0,47.0,-52.087013244628906,solid,water_floor
A1-03,Section 3,3,-3.0,48.0,-55.95893478393555,solid,water_floor
A1-03,Section 3,3,-3.0,49.0,-55.058372497558594,solid,water_floor
A1-03,Section 3,3,-3.0,50.0,-39.898929595947266,solid,water_floor
A1-03,Section 3,3,-3.0,51.0,-51.94596862792969,solid,water_floor
A1-03,Section 3,3,-3.0,52.0,-57.36675262451172,solid,water_floor
A1-03,Section 3,3,-3.0,53.0,-41.0919303894043,solid,water_floor
A1-03,Section 3,3,-3.0,54.0,-54.55487823486328,solid,water_floor
A1-03,Section 3,3,-3.0,55.0,-38.3697509765625,solid,water_floor
A1-03,Section 3,3,-3.0,56.0,-41.75265884399414,solid,water_floor
A1-03,Section 3,3,-3.0,57.0,-30.797569274902344,solid,water_floor
A1-03,Section 3,3,-3.0,58.0,-29.641883850097656,solid,water_floor
A1-03,Section 3,3,-3.0,59.0,-31.753170013427734,solid,water_floor
A1-03,Section 3,3,-3.0,60.0,-26.543880462646484,solid,water_floor
A1-03,Section 3,3,-3.0,61.0,-25.604164123535156,solid,water_floor
A1-03,Section 3,3,-3.0,62.0,-27.190467834472656,solid,water_floor
A1-03,Section 3,3,-3.0,63.0,-29.899396896362305,solid,water_floor
A1-03,Section 3,3,-3.0,64.0,-22.084495544433594,solid,water_floor
A1-03,Section 3,3,-3.0,65.0,-22.418657302856445,solid,water_floor
A1-03,Section 3,3,-3.0,66.0,-16.69407081604004,solid,water_floor
A1-03,Section 3,3,-3.0,67.0,-15.252290725708008,solid,water_floor
A1-03,Section 3,3,-3.0,68.0,-12.509187698364258,solid,water_floor
A1-03,Section 3,3,-3.0,69.0,-6.706291675567627,solid,water_floor
A1-03,Section 3,3,-3.0,70.0,-7.059214115142822,solid,water_floor
A1-03,Section 3,3,-3.0,71.0,-8.569310188293457,solid,water_floor
A1-03,Section 3,3,-3.0,72.0,-5.498482704162598,solid,water_floor
A1-03,Section 3,3,-3.0,73.0,-6.431787967681885,solid,water_floor
A1-03,Section 3,3,-3.0,74.0,-5.674637794494629,solid,water_floor
A1-03,Section 3,3,-3.0,75.0,-3.575589418411255,solid,water_floor
A1-03,Section 3,3,-3.0,76.0,-3.246535301208496,solid,water_floor
A1-03,Section 3,3,-3.0,77.0,-3.497047185897827,solid,water_floor
A1-03,Section 3,3,-3.0,78.0,-3.371623992919922,solid,water_floor
A1-03,Section 3,3,-3.0,79.0,-3.345363140106201,solid,water_floor
A1-03,Section 3,3,-3.0,80.0,-3.8556344509124756,solid,water_floor
A1-03,Section 3,3,-3.0,81.0,-5.057589530944824,solid,water_floor
A1-03,Section 3,3,-3.0,82.0,-4.996947288513184,solid,water_floor
A1-03,Section 3,3,-3.0,83.0,-3.0418357849121094,solid,water_floor
A1-03,Section 3,3,-2.892366647720337,84.0,-2.892366647720337,solid,sampled
A1-03,Section 3,3,-2.7183079719543457,85.0,-2.7183079719543457,solid,sampled
A1-03,Section 3,3,-2.6967732906341553,86.0,-2.6967732906341553,solid,sampled
A1-03,Section 3,3,-2.679581880569458,87.0,-2.679581880569458,solid,sampled
A1-03,Section 3,3,-2.6408324241638184,88.0,-2.6408324241638184,solid,sampled
A1-03,Section 3,3,-2.613198757171631,89.0,-2.613198757171631,solid,sampled
A1-03,Section 3,3,-2.579425811767578,90.0,-2.579425811767578,solid,sampled
A1-03,Section 3,3,-2.553183078765869,91.0,-2.553183078765869,solid,sampled
A1-03,Section 3,3,-2.5253806114196777,92.0,-2.5253806114196777,solid,sampled
A1-03,Section 3,3,-2.5009899139404297,93.0,-2.5009899139404297,solid,sampled
A1-03,Section 3,3,-2.4812471866607666,94.0,-2.4812471866607666,solid,sampled
A1-03,Section 3,3,-2.4730043411254883,95.0,-2.4730043411254883,solid,sampled
A1-03,Section 3,3,-2.4334990978240967,96.0,-2.4334990978240967,solid,sampled
A1-03,Section 3,3,-2.4220361709594727,97.0,-2.4220361709594727,solid,sampled
A1-03,Section 3,3,-2.4111785888671875,98.0,-2.4111785888671875,solid,sampled
A1-03,Section 3,3,-2.401918888092041,99.0,-2.401918888092041,solid,sampled
A1-03,Section 3,3,-2.376507043838501,100.0,-2.376507043838501,solid,sampled
A1-03,Section 3,3,-2.3477325439453125,101.0,-2.3477325439453125,solid,sampled
A1-03,Section 3,3,-2.32858943939209,102.0,-2.32858943939209,solid,sampled
A1-03,Section 3,3,-2.3084230422973633,103.0,-2.3084230422973633,solid,sampled
A1-03,Section 3,3,-2.2855238914489746,104.0,-2.2855238914489746,solid,sampled
A1-03,Section 3,3,-2.2720913887023926,105.0,-2.2720913887023926,solid,sampled
A1-03,Section 3,3,-2.2281339168548584,106.0,-2.2281339168548584,solid,sampled
A1-03,Section 3,3,-2.2080326080322266,107.0,-2.2080326080322266,solid,sampled
A1-03,Section 3,3,-2.1862778663635254,108.0,-2.1862778663635254,solid,sampled
A1-03,Section 3,3,-2.195478916168213,109.0,-2.195478916168213,solid,sampled
A1-03,Section 3,3,-2.1418569087982178,110.0,-2.1418569087982178,solid,sampled
A1-03,Section 3,3,-2.128305196762085,111.0,-2.128305196762085,solid,sampled
A1-03,Section 3,3,-2.083865165710449,112.0,-2.083865165710449,solid,sampled
A1-03,Section 3,3,-2.057912588119507,113.0,-2.057912588119507,solid,sampled
A1-03,Section 3,3,-2.020869255065918,114.0,-2.020869255065918,solid,sampled
A1-03,Section 3,3,-2.002260208129883,115.0,-2.002260208129883,solid,sampled
A1-03,Section 3,3,-1.969871163368225,116.0,-1.969871163368225,solid,sampled
A1-03,Section 3,3,-1.936726450920105,117.0,-1.936726450920105,solid,sampled
A1-03,Section 3,3,-1.9109742641448975,118.0,-1.9109742641448975,solid,sampled
A1-03,Section 3,3,-1.879906415939331,119.0,-1.879906415939331,solid,sampled
A1-03,Section 3,3,-1.8590834140777588,120.0,-1.8590834140777588,solid,sampled
A1-03,Section 3,3,-1.8363354206085205,121.0,-1.8363354206085205,solid,sampled
A1-03,Section 3,3,-1.820294976234436,122.0,-1.820294976234436,solid,sampled
A1-03,Section 3,3,-1.7887814044952393,123.0,-1.7887814044952393,solid,sampled
A1-03,Section 3,3,-1.769313097000122,124.0,-1.769313097000122,solid,sampled
A1-03,Section 3,3,-1.7425810098648071,125.0,-1.7425810098648071,solid,sampled
A1-03,Section 3,3,-1.7355386018753052,126.0,-1.7355386018753052,solid,sampled
A1-03,Section 3,3,-1.7142877578735352,127.0,-1.7142877578735352,solid,sampled
A1-03,Section 3,3,-1.6744420528411865,128.0,-1.6744420528411865,solid,sampled
A1-03,Section 3,3,-1.6840155124664307,129.0,-1.6840155124664307,solid,sampled
A1-03,Section 3,3,-1.6598892211914062,130.0,-1.6598892211914062,solid,sampled
A1-03,Section 3,3,-1.646891713142395,131.0,-1.646891713142395,solid,sampled
A1-03,Section 3,3,-1.6197311878204346,132.0,-1.6197311878204346,solid,sampled
A1-03,Section 3,3,-1.5971946716308594,133.0,-1.5971946716308594,solid,sampled
A1-03,Section 3,3,-1.5706758499145508,134.0,-1.5706758499145508,solid,sampled
A1-03,Section 3,3,-1.5555342435836792,135.0,-1.5555342435836792,solid,sampled
A1-03,Section 3,3,-1.5283260345458984,136.0,-1.5283260345458984,solid,sampled
A1-03,Section 3,3,-1.4966456890106201,137.0,-1.4966456890106201,solid,sampled
A1-03,Section 3,3,-1.4684200286865234,138.0,-1.4684200286865234,solid,sampled
A1-03,Section 3,3,-1.4472248554229736,139.0,-1.4472248554229736,solid,sampled
A1-03,Section 3,3,-1.4324235916137695,140.0,-1.4324235916137695,solid,sampled
A1-03,Section 3,3,-1.4107365608215332,141.0,-1.4107365608215332,solid,sampled
A1-03,Section 3,3,-1.3942797183990479,142.0,-1.3942797183990479,solid,sampled
A1-03,Section 3,3,-1.3611047267913818,143.0,-1.3611047267913818,solid,sampled
A1-03,Section 3,3,-1.3473129272460938,144.0,-1.3473129272460938,solid,sampled
A1-03,Section 3,3,-1.3260610103607178,145.0,-1.3260610103607178,solid,sampled
A1-03,Section 3,3,-1.309607982635498,146.0,-1.309607982635498,solid,sampled
A1-03,Section 3,3,-1.3037400245666504,147.0,-1.3037400245666504,solid,sampled
A1-03,Section 3,3,-1.3031140565872192,148.0,-1.3031140565872192,solid,sampled
A1-03,Section 3,3,-1.2905001640319824,149.0,-1.2905001640319824,solid,sampled
A1-03,Section 3,3,-1.2851688861846924,150.0,-1.2851688861846924,solid,sampled
A1-03,Section 3,3,-1.2846659421920776,151.0,-1.2846659421920776,solid,sampled
A1-03,Section 3,3,-1.2634758949279785,152.0,-1.2634758949279785,solid,sampled
A1-03,Section 3,3,-1.2579363584518433,153.0,-1.2579363584518433,solid,sampled
A1-03,Section 3,3,-1.2624523639678955,154.0,-1.2624523639678955,solid,sampled
A1-03,Section 3,3,-1.2393879890441895,155.0,-1.2393879890441895,solid,sampled
A1-03,Section 3,3,-1.2319574356079102,156.0,-1.2319574356079102,solid,sampled
A1-03,Section 3,3,-1.2354857921600342,157.0,-1.2354857921600342,solid,sampled
A1-03,Section 3,3,-1.2060680389404297,158.0,-1.2060680389404297,solid,sampled
A1-03,Section 3,3,-1.1974928379058838,159.0,-1.1974928379058838,solid,sampled
A1-03,Section 3,3,-1.177072525024414,160.0,-1.177072525024414,solid,sampled
A1-03,Section 3,3,-1.1923552751541138,161.0,-1.1923552751541138,solid,sampled
A1-03,Section 3,3,-1.1578682661056519,162.0,-1.1578682661056519,solid,sampled
A1-03,Section 3,3,-1.1548106670379639,163.0,-1.1548106670379639,solid,sampled
A1-03,Section 3,3,-1.1790790557861328,164.0,-1.1790790557861328,solid,sampled
A1-03,Section 3,3,-1.156935214996338,165.0,-1.156935214996338,solid,sampled
A1-03,Section 3,3,-1.141232967376709,166.0,-1.141232967376709,solid,sampled
A1-03,Section 3,3,-1.1343061923980713,167.0,-1.1343061923980713,solid,sampled
A1-03,Section 3,3,-1.111130714416504,168.0,-1.111130714416504,solid,sampled
A1-03,Section 3,3,-1.1185250282287598,169.0,-1.1185250282287598,solid,sampled
A1-03,Section 3,3,-1.0878267288208008,170.0,-1.0878267288208008,solid,sampled
A1-03,Section 3,3,-1.0877346992492676,171.0,-1.0877346992492676,solid,sampled
A1-03,Section 3,3,-1.0737931728363037,172.0,-1.0737931728363037,solid,sampled
A1-03,Section 3,3,-1.081201434135437,173.0,-1.081201434135437,solid,sampled
A1-03,Section 3,3,-1.0411462783813477,174.0,-1.0411462783813477,solid,sampled
A1-03,Section 3,3,-1.04010009765625,175.0,-1.04010009765625,solid,sampled
A1-03,Section 3,3,-1.0375205278396606,176.0,-1.0375205278396606,solid,sampled
A1-03,Section 3,3,-1.0319668054580688,177.0,-1.0319668054580688,solid,sampled
A1-03,Section 3,3,-1.0113914012908936,178.0,-1.0113914012908936,solid,sampled
A1-03,Section 3,3,-1.0149874687194824,179.0,-1.0149874687194824,solid,sampled
A1-03,Section 3,3,-1.0020077228546143,180.0,-1.0020077228546143,solid,sampled
A1-03,Section 3,3,-1.0080208778381348,181.0,-1.0080208778381348,solid,sampled
A1-03,Section 3,3,-1.0102882385253906,182.0,-1.0102882385253906,solid,sampled
A1-03,Section 3,3,-1.0095311403274536,183.0,-1.0095311403274536,solid,sampled
A1-03,Section 3,3,-0.994659423828125,184.0,-0.994659423828125,solid,sampled
A1-03,Section 3,3,-1.0116214752197266,185.0,-1.0116214752197266,solid,sampled
A1-03,Section 3,3,-1.0464255809783936,186.0,-1.0464255809783936,solid,sampled
A1-03,Section 3,3,-1.0076861381530762,187.0,-1.0076861381530762,solid,sampled
A1-03,Section 3,3,-0.9779355525970459,188.0,-0.9779355525970459,solid,sampled
A1-03,Section 3,3,-0.971437931060791,189.0,-0.971437931060791,solid,sampled
A1-03,Section 3,3,-0.9809558391571045,190.0,-0.9809558391571045,solid,sampled
A1-03,Section 3,3,-0.9721822738647461,191.0,-0.9721822738647461,solid,sampled
A1-03,Section 3,3,-0.9783145785331726,192.0,-0.9783145785331726,solid,sampled
A1-03,Section 3,3,-0.9830831289291382,193.0,-0.9830831289291382,solid,sampled
A1-03,Section 3,3,-0.9763030409812927,194.0,-0.9763030409812927,solid,sampled
A1-03,Section 3,3,-0.964932918548584,195.0,-0.964932918548584,solid,sampled
A1-03,Section 3,3,-0.9968364238739014,196.0,-0.9968364238739014,solid,sampled
A1-03,Section 3,3,-0.9859263896942139,197.0,-0.9859263896942139,solid,sampled
A1-03,Section 3,3,-0.9908384680747986,198.0,-0.9908384680747986,solid,sampled
A1-03,Section 3,3,-0.9641891121864319,199.0,-0.9641891121864319,solid,sampled
A1-03,Section 3,3,-0.9655529856681824,200.0,-0.9655529856681824,solid,sampled
A1-03,Section 3,3,-0.9666646718978882,201.0,-0.9666646718978882,solid,sampled
A1-03,Section 3,3,-0.9681297540664673,202.0,-0.9681297540664673,solid,sampled
A1-03,Section 3,3,-0.9468114376068115,203.0,-0.9468114376068115,solid,sampled
A1-03,Section 3,3,-0.9551578164100647,204.0,-0.9551578164100647,solid,sampled
A1-03,Section 3,3,-0.9530361294746399,205.0,-0.9530361294746399,solid,sampled
A1-03,Section 3,3,-0.9275507926940918,206.0,-0.9275507926940918,solid,sampled
A1-03,Section 3,3,-0.925472617149353,207.0,-0.925472617149353,solid,sampled
A1-03,Section 3,3,-0.9282701015472412,208.0,-0.9282701015472412,solid,sampled
A1-03,Section 3,3,-0.9284610748291016,209.0,-0.9284610748291016,solid,sampled
A1-03,Section 3,3,-0.9123255014419556,210.0,-0.9123255014419556,solid,sampled
A1-03,Section 3,3,-0.9015932679176331,211.0,-0.9015932679176331,solid,sampled
A1-03,Section 3,3,-0.9150774478912354,212.0,-0.9150774478912354,solid,sampled
A1-03,Section 3,3,-0.9073055982589722,213.0,-0.9073055982589722,solid,sampled
A1-03,Section 3,3,-0.8964290618896484,214.0,-0.8964290618896484,solid,sampled
A1-03,Section 3,3,-0.8991826176643372,215.0,-0.8991826176643372,solid,sampled
A1-03,Section 3,3,-0.8919078707695007,216.0,-0.8919078707695007,solid,sampled
A1-03,Section 3,3,-0.8936917781829834,217.0,-0.8936917781829834,solid,sampled
A1-03,Section 3,3,-0.8867853879928589,218.0,-0.8867853879928589,solid,sampled
A1-03,Section 3,3,-0.8971579074859619,219.0,-0.8971579074859619,solid,sampled
A1-03,Section 3,3,-0.8729916214942932,220.0,-0.8729916214942932,solid,sampled
A1-03,Section 3,3,-0.8721051216125488,221.0,-0.8721051216125488,solid,sampled
A1-03,Section 3,3,-0.8557065725326538,222.0,-0.8557065725326538,solid,sampled
A1-03,Section 3,3,-0.8451776504516602,223.0,-0.8451776504516602,solid,sampled
A1-03,Section 3,3,-0.8523342609405518,224.0,-0.8523342609405518,solid,sampled
A1-03,Section 3,3,-0.8404536247253418,225.0,-0.8404536247253418,solid,sampled
A1-03,Section 3,3,-0.8358014822006226,226.0,-0.8358014822006226,solid,sampled
A1-03,Section 3,3,-0.8278967142105103,227.0,-0.8278967142105103,solid,sampled
A1-03,Section 3,3,-0.8195866346359253,228.0,-0.8195866346359253,solid,sampled
A1-03,Section 3,3,-0.804732084274292,229.0,-0.804732084274292,solid,sampled
A1-03,Section 3,3,-0.7994597554206848,230.0,-0.7994597554206848,solid,sampled
A1-03,Section 3,3,-0.788067102432251,231.0,-0.788067102432251,solid,sampled
A1-03,Section 3,3,-0.7859905958175659,232.0,-0.7859905958175659,solid,sampled
A1-03,Section 3,3,-0.7800065279006958,233.0,-0.7800065279006958,solid,sampled
A1-03,Section 3,3,-0.7837913036346436,234.0,-0.7837913036346436,solid,sampled
A1-03,Section 3,3,-0.7587571144104004,235.0,-0.7587571144104004,solid,sampled
A1-03,Section 3,3,-0.7464863061904907,236.0,-0.7464863061904907,solid,sampled
A1-03,Section 3,3,-0.7306333780288696,237.0,-0.7306333780288696,solid,sampled
A1-03,Section 3,3,-0.7210010290145874,238.0,-0.7210010290145874,solid,sampled
A1-03,Section 3,3,-0.7090502381324768,239.0,-0.7090502381324768,solid,sampled
A1-03,Section 3,3,-0.7060723304748535,240.0,-0.7060723304748535,solid,sampled
A1-03,Section 3,3,-0.6913491487503052,241.0,-0.6913491487503052,solid,sampled
A1-03,Section 3,3,-0.6935884356498718,242.0,-0.6935884356498718,solid,sampled
A1-03,Section 3,3,-0.6704908609390259,243.0,-0.6704908609390259,solid,sampled
A1-03,Section 3,3,-0.6566199064254761,244.0,-0.6566199064254761,solid,sampled
A1-03,Section 3,3,-0.6524670720100403,245.0,-0.6524670720100403,solid,sampled
A1-03,Section 3,3,-0.635003924369812,246.0,-0.635003924369812,solid,sampled
A1-03,Section 3,3,-0.6056487560272217,247.0,-0.6056487560272217,solid,sampled
A1-03,Section 3,3,-0.5856008529663086,248.0,-0.5856008529663086,solid,sampled
A1-03,Section 3,3,-0.5564208030700684,249.0,-0.5564208030700684,solid,sampled
A1-03,Section 3,3,-0.5071979761123657,250.0,-0.5071979761123657,solid,sampled
A1-03,Section 3,3,-0.4505000412464142,251.0,-0.4505000412464142,solid,sampled
A1-03,Section 3,3,-0.43595588207244873,252.0,-0.43595588207244873,solid,sampled
A1-03,Section 3,3,-0.38408517837524414,253.0,-0.38408517837524414,solid,sampled
A1-03,Section 3,3,-0.3422863781452179,254.0,-0.3422863781452179,solid,sampled
A1-03,Section 3,3,-0.3058793544769287,255.0,-0.3058793544769287,solid,sampled
A1-03,Section 3,3,-0.29147976636886597,256.0,-0.29147976636886597,solid,sampled
A1-03,Section 3,3,-0.256254106760025,257.0,-0.256254106760025,solid,sampled
A1-03,Section 3,3,-0.21584367752075195,258.0,-0.21584367752075195,solid,sampled
A1-03,Section 3,3,-0.2359563559293747,259.0,-0.2359563559293747,solid,sampled
A1-03,Section 3,3,-0.1888577938079834,260.0,-0.1888577938079834,solid,sampled
A1-03,Section 3,3,-0.14772796630859375,261.0,-0.14772796630859375,solid,sampled
A1-03,Section 3,3,-0.08704209327697754,262.0,-0.08704209327697754,solid,sampled
A1-03,Section 3,3,-0.067659892141819,263.0,-0.067659892141819,solid,sampled
A1-03,Section 3,3,-0.05647292733192444,264.0,-0.05647292733192444,solid,sampled
A1-03,Section 3,3,-0.038233816623687744,265.0,-0.038233816623687744,solid,sampled
A1-03,Section 3,3,-0.037297919392585754,266.0,-0.037297919392585754,solid,sampled
A1-03,Section 3,3,0.010414563119411469,267.0,0.010414563119411469,solid,sampled
A1-03,Section 3,3,0.044413089752197266,268.0,0.044413089752197266,solid,sampled
A1-03,Section 3,3,0.07321023941040039,269.0,0.07321023941040039,solid,sampled
A1-03,Section 3,3,0.1160733699798584,270.0,0.1160733699798584,solid,sampled
A1-03,Section 3,3,0.15605385601520538,271.0,0.15605385601520538,solid,sampled
A1-03,Section 3,3,0.15996608138084412,272.0,0.15996608138084412,solid,sampled
A1-03,Section 3,3,0.2051512598991394,273.0,0.2051512598991394,solid,sampled
A1-03,Section 3,3,0.22951513528823853,274.0,0.22951513528823853,solid,sampled
A1-03,Section 3,3,0.2517384886741638,275.0,0.2517384886741638,solid,sampled
A1-03,Section 3,3,0.27341020107269287,276.0,0.27341020107269287,solid,sampled
A1-03,Section 3,3,0.291326105594635,277.0,0.291326105594635,solid,sampled
A1-03,Section 3,3,0.3659670948982239,278.0,0.3659670948982239,solid,sampled
A1-03,Section 3,3,0.37853920459747314,279.0,0.37853920459747314,solid,sampled
A1-03,Section 3,3,0.4242938756942749,280.0,0.4242938756942749,solid,sampled
A1-03,Section 3,3,0.45897406339645386,281.0,0.45897406339645386,solid,sampled
A1-03,Section 3,3,0.4777405261993408,282.0,0.4777405261993408,solid,sampled
A1-03,Section 3,3,0.5214468240737915,283.0,0.5214468240737915,solid,sampled
A1-03,Section 3,3,0.5209816694259644,284.0,0.5209816694259644,solid,sampled
A1-03,Section 3,3,0.5530543923377991,285.0,0.5530543923377991,solid,sampled
A1-03,Section 3,3,0.5881785154342651,286.0,0.5881785154342651,solid,sampled
A1-03,Section 3,3,0.6279411315917969,287.0,0.6279411315917969,solid,sampled
A1-03,Section 3,3,0.6656064987182617,288.0,0.6656064987182617,solid,sampled
A1-03,Section 3,3,0.6704596281051636,289.0,0.6704596281051636,solid,sampled
A1-03,Section 3,3,0.7118653059005737,290.0,0.7118653059005737,solid,sampled
A1-03,Section 3,3,0.7593594789505005,291.0,0.7593594789505005,solid,sampled
A1-03,Section 3,3,0.7605555057525635,292.0,0.7605555057525635,solid,sampled
A1-03,Section 3,3,0.8121271729469299,293.0,0.8121271729469299,solid,sampled
A1-03,Section 3,3,0.8438056111335754,294.0,0.8438056111335754,solid,sampled
A1-03,Section 3,3,0.8597842454910278,295.0,0.8597842454910278,solid,sampled
A1-03,Section 3,3,0.880678653717041,296.0,0.880678653717041,solid,sampled
A1-03,Section 3,3,0.9035728573799133,297.0,0.9035728573799133,solid,sampled
A1-03,Section 3,3,0.9344019889831543,298.0,0.9344019889831543,solid,sampled
A1-03,Section 3,3,0.9691832065582275,299.0,0.9691832065582275,solid,sampled
A1-03,Section 3,3,0.991432249546051,300.0,0.991432249546051,solid,sampled
A1-03,Section 3,3,1.0211875438690186,301.0,1.0211875438690186,solid,sampled
A1-03,Section 3,3,1.067913293838501,302.0,1.067913293838501,solid,sampled
A1-03,Section 3,3,1.060664176940918,303.0,1.060664176940918,solid,sampled
A1-03,Section 3,3,1.1199952363967896,304.0,1.1199952363967896,solid,sampled
A1-03,Section 3,3,1.1664427518844604,305.0,1.1664427518844604,solid,sampled
A1-03,Section 3,3,1.1934999227523804,306.0,1.1934999227523804,solid,sampled
A1-03,Section 3,3,1.210269808769226,307.0,1.210269808769226,solid,sampled
A1-03,Section 3,3,1.245843768119812,308.0,1.245843768119812,solid,sampled
A1-03,Section 3,3,1.2839053869247437,309.0,1.2839053869247437,solid,sampled
A1-03,Section 3,3,1.3028485774993896,310.0,1.3028485774993896,solid,sampled
A1-03,Section 3,3,1.298408031463623,311.0,1.298408031463623,solid,sampled
A1-03,Section 3,3,1.3185985088348389,312.0,1.3185985088348389,solid,sampled
A1-03,Section 3,3,1.3157899379730225,313.0,1.3157899379730225,solid,sampled
A1-03,Section 3,3,1.3276214599609375,314.0,1.3276214599609375,solid,sampled
A1-03,Section 3,3,1.3181921243667603,315.0,1.3181921243667603,solid,sampled
A1-03,Section 3,3,1.3168296813964844,316.0,1.3168296813964844,solid,sampled
A1-03,Section 3,3,1.318582534790039,317.0,1.318582534790039,solid,sampled
A1-03,Section 3,3,1.3312057256698608,318.0,1.3312057256698608,solid,sampled
A1-03,Section 3,3,1.3378393650054932,319.0,1.3378393650054932,solid,sampled
A1-03,Section 3,3,1.342477798461914,320.0,1.342477798461914,solid,sampled
A1-03,Section 3,3,1.351224660873413,321.0,1.351224660873413,solid,sampled
A1-03,Section 3,3,1.35552978515625,322.0,1.35552978515625,solid,sampled
A1-03,Section 3,3,1.3623850345611572,323.0,1.3623850345611572,solid,sampled
A1-03,Section 3,3,1.3691847324371338,324.0,1.3691847324371338,solid,sampled
A1-03,Section 3,3,1.376922369003296,325.0,1.376922369003296,solid,sampled
A1-03,Section 3,3,1.3900740146636963,326.0,1.3900740146636963,solid,sampled
A1-03,Section 3,3,1.3997479677200317,327.0,1.3997479677200317,solid,sampled
A1-03,Section 3,3,1.4174026250839233,328.0,1.4174026250839233,solid,sampled
A1-03,Section 3,3,1.4311614036560059,329.0,1.4311614036560059,solid,sampled
A1-03,Section 3,3,1.4385840892791748,330.0,1.4385840892791748,solid,sampled
A1-03,Section 3,3,1.455997109413147,331.0,1.455997109413147,solid,sampled
A1-03,Section 3,3,1.4716897010803223,332.0,1.4716897010803223,solid,sampled
A1-03,Section 3,3,1.479927659034729,333.0,1.479927659034729,solid,sampled
A1-03,Section 3,3,1.5011820793151855,334.0,1.5011820793151855,solid,sampled
A1-03,Section 3,3,1.5114529132843018,335.0,1.5114529132843018,solid,sampled
A1-03,Section 3,3,1.522797703742981,336.0,1.522797703742981,solid,sampled
A1-03,Section 3,3,1.5327081680297852,337.0,1.5327081680297852,solid,sampled
A1-03,Section 3,3,1.5463690757751465,338.0,1.5463690757751465,solid,sampled
A1-03,Section 3,3,1.5587725639343262,339.0,1.5587725639343262,solid,sampled
A1-03,Section 3,3,1.5701762437820435,340.0,1.5701762437820435,solid,sampled
A1-03,Section 3,3,1.5768563747406006,341.0,1.5768563747406006,solid,sampled
A1-03,Section 3,3,1.5897588729858398,342.0,1.5897588729858398,solid,sampled
A1-03,Section 3,3,1.6011264324188232,343.0,1.6011264324188232,solid,sampled
A1-03,Section 3,3,1.619742512702942,344.0,1.619742512702942,solid,sampled
A1-03,Section 3,3,1.6289217472076416,345.0,1.6289217472076416,solid,sampled
A1-03,Section 3,3,1.6488412618637085,346.0,1.6488412618637085,solid,sampled
A1-03,Section 3,3,1.6652357578277588,347.0,1.6652357578277588,solid,sampled
A1-03,Section 3,3,1.6718899011611938,348.0,1.6718899011611938,solid,sampled
A1-03,Section 3,3,1.6916261911392212,349.0,1.6916261911392212,solid,sampled
A1-03,Section 3,3,1.694323182106018,350.0,1.694323182106018,solid,sampled
A1-03,Section 3,3,1.717756748199463,351.0,1.717756748199463,solid,sampled
A1-03,Section 3,3,1.730189323425293,352.0,1.730189323425293,solid,sampled
A1-03,Section 3,3,1.7279719114303589,353.0,1.7279719114303589,solid,sampled
A1-03,Section 3,3,1.744509220123291,354.0,1.744509220123291,solid,sampled
A1-03,Section 3,3,1.7607489824295044,355.0,1.7607489824295044,solid,sampled
A1-03,Section 3,3,1.778039813041687,356.0,1.778039813041687,solid,sampled
A1-03,Section 3,3,1.7776832580566406,357.0,1.7776832580566406,solid,sampled
A1-03,Section 3,3,1.786542534828186,358.0,1.786542534828186,solid,sampled
A1-03,Section 3,3,1.7950787544250488,359.0,1.7950787544250488,solid,sampled
A1-03,Section 3,3,1.8109471797943115,360.0,1.8109471797943115,solid,sampled
A1-03,Section 3,3,1.8170833587646484,361.0,1.8170833587646484,solid,sampled
A1-03,Section 3,3,1.823573112487793,362.0,1.823573112487793,solid,sampled
A1-03,Section 3,3,1.8402366638183594,363.0,1.8402366638183594,solid,sampled
A1-03,Section 3,3,1.8581078052520752,364.0,1.8581078052520752,solid,sampled
A1-03,Section 3,3,1.8952759504318237,365.0,1.8952759504318237,solid,sampled
A1-03,Section 3,3,1.9146277904510498,366.0,1.9146277904510498,solid,sampled
A1-03,Section 3,3,1.9204756021499634,367.0,1.9204756021499634,solid,sampled
A1-03,Section 3,3,1.9380033016204834,368.0,1.9380033016204834,solid,sampled
A1-03,Section 3,3,1.9579863548278809,369.0,1.9579863548278809,solid,sampled
A1-03,Section 3,3,1.9815343618392944,370.0,1.9815343618392944,solid,sampled
A1-03,Section 3,3,2.0143251419067383,371.0,2.0143251419067383,solid,sampled
A1-03,Section 3,3,2.015207290649414,372.0,2.015207290649414,solid,sampled
A1-03,Section 3,3,2.0431504249572754,373.0,2.0431504249572754,solid,sampled
A1-03,Section 3,3,2.049119710922241,374.0,2.049119710922241,solid,sampled
A1-03,Section 3,3,2.048041343688965,375.0,2.048041343688965,solid,sampled
A1-03,Section 3,3,2.094648838043213,376.0,2.094648838043213,solid,sampled
A1-03,Section 3,3,2.1142818927764893,377.0,2.1142818927764893,solid,sampled
A1-03,Section 3,3,2.1319239139556885,378.0,2.1319239139556885,solid,sampled
A1-03,Section 3,3,2.1596837043762207,379.0,2.1596837043762207,solid,sampled
A1-03,Section 3,3,2.183283805847168,380.0,2.183283805847168,solid,sampled
A1-03,Section 3,3,2.205794334411621,381.0,2.205794334411621,solid,sampled
A1-03,Section 3,3,2.2497987747192383,382.0,2.2497987747192383,solid,sampled
A1-03,Section 3,3,2.283686637878418,383.0,2.283686637878418,solid,sampled
A1-03,Section 3,3,2.3018319606781006,384.0,2.3018319606781006,solid,sampled
A1-03,Section 3,3,2.35237455368042,385.0,2.35237455368042,solid,sampled
A1-03,Section 3,3,2.38535213470459,386.0,2.38535213470459,solid,sampled
A1-03,Section 3,3,2.4414567947387695,387.0,2.4414567947387695,solid,sampled
A1-03,Section 3,3,2.4848432540893555,388.0,2.4848432540893555,solid,sampled
A1-03,Section 3,3,2.5368192195892334,389.0,2.5368192195892334,solid,sampled
A1-03,Section 3,3,2.591264247894287,390.0,2.591264247894287,solid,sampled
A1-03,Section 3,3,2.64369797706604,391.0,2.64369797706604,solid,sampled
A1-03,Section 3,3,2.6983752250671387,392.0,2.6983752250671387,solid,sampled
A1-03,Section 3,3,2.738466739654541,393.0,2.738466739654541,solid,sampled
A1-03,Section 3,3,2.7912213802337646,394.0,2.7912213802337646,solid,sampled
A1-03,Section 3,3,2.8233089447021484,395.0,2.8233089447021484,solid,sampled
A1-03,Section 3,3,2.876162052154541,396.0,2.876162052154541,solid,sampled
A1-03,Section 3,3,2.9150352478027344,397.0,2.9150352478027344,solid,sampled
A1-03,Section 3,3,2.9577651023864746,398.0,2.9577651023864746,solid,sampled
A1-03,Section 3,3,2.9861714839935303,399.0,2.9861714839935303,solid,sampled
A1-03,Section 3,3,3.034383773803711,400.0,3.034383773803711,solid,sampled
A1-03,Section 3,3,3.064319372177124,401.0,3.064319372177124,solid,sampled
A1-03,Section 3,3,3.093752861022949,402.0,3.093752861022949,solid,sampled
A1-03,Section 3,3,3.1427998542785645,403.0,3.1427998542785645,solid,sampled
A1-03,Section 3,3,3.18563175201416,404.0,3.18563175201416,solid,sampled
A1-03,Section 3,3,3.23634672164917,405.0,3.23634672164917,solid,sampled
A1-03,Section 3,3,3.3148574829101562,406.0,3.3148574829101562,solid,sampled
A1-03,Section 3,3,3.3737144470214844,407.0,3.3737144470214844,solid,sampled
A1-03,Section 3,3,3.4465744495391846,408.0,3.4465744495391846,solid,sampled
A1-03,Section 3,3,3.522533655166626,409.0,3.522533655166626,solid,sampled
A1-03,Section 3,3,3.6002702713012695,410.0,3.6002702713012695,solid,sampled
A1-03,Section 3,3,3.6795525550842285,411.0,3.6795525550842285,solid,sampled
A1-03,Section 3,3,3.7379398345947266,412.0,3.7379398345947266,solid,sampled
A1-03,Section 3,3,3.818897247314453,413.0,3.818897247314453,solid,sampled
A1-03,Section 3,3,3.87178897857666,414.0,3.87178897857666,solid,sampled
A1-03,Section 3,3,3.9326157569885254,415.0,3.9326157569885254,solid,sampled
A1-03,Section 3,3,4.00351619720459,416.0,4.00351619720459,solid,sampled
A1-03,Section 3,3,4.047048568725586,417.0,4.047048568725586,solid,sampled
A1-03,Section 3,3,4.080968856811523,418.0,4.080968856811523,solid,sampled
A1-03,Section 3,3,4.12895393371582,419.0,4.12895393371582,solid,sampled
A1-03,Section 3,3,4.17293119430542,420.0,4.17293119430542,solid,sampled
A1-03,Section 3,3,4.206653594970703,421.0,4.206653594970703,solid,sampled
A1-03,Section 3,3,4.232908725738525,422.0,4.232908725738525,solid,sampled
A1-03,Section 3,3,4.271814823150635,423.0,4.271814823150635,solid,sampled
A1-03,Section 3,3,4.331347465515137,424.0,4.331347465515137,solid,sampled
A1-03,Section 3,3,4.41108512878418,425.0,4.41108512878418,solid,sampled
A1-03,Section 3,3,4.490365982055664,426.0,4.490365982055664,solid,sampled
A1-03,Section 3,3,4.583315849304199,427.0,4.583315849304199,solid,sampled
A1-03,Section 3,3,4.673239231109619,428.0,4.673239231109619,solid,sampled
A1-03,Section 3,3,4.76447057723999,429.0,4.76447057723999,solid,sampled
A1-03,Section 3,3,4.839648723602295,430.0,4.839648723602295,solid,sampled
A1-03,Section 3,3,4.886666774749756,431.0,4.886666774749756,solid,sampled
A1-03,Section 3,3,4.960044860839844,432.0,4.960044860839844,solid,sampled
A1-03,Section 3,3,5.029993057250977,433.0,5.029993057250977,solid,sampled
A1-03,Section 3,3,5.103840351104736,434.0,5.103840351104736,solid,sampled
A1-03,Section 3,3,5.171555519104004,435.0,5.171555519104004,solid,sampled
A1-03,Section 3,3,5.216433048248291,436.0,5.216433048248291,solid,sampled
A1-03,Section 3,3,5.260207176208496,437.0,5.260207176208496,solid,sampled
A1-03,Section 3,3,5.296103477478027,438.0,5.296103477478027,solid,sampled
A1-03,Section 3,3,5.375291347503662,439.0,5.375291347503662,solid,sampled
A1-03,Section 3,3,5.434674263000488,440.0,5.434674263000488,solid,sampled
A1-03,Section 3,3,5.486874103546143,441.0,5.486874103546143,solid,sampled
A1-03,Section 3,3,5.52158260345459,442.0,5.52158260345459,solid,sampled
A1-03,Section 3,3,5.596055030822754,443.0,5.596055030822754,solid,sampled
A1-03,Section 3,3,5.657549858093262,444.0,5.657549858093262,solid,sampled
A1-03,Section 3,3,5.676706790924072,445.0,5.676706790924072,solid,sampled
A1-03,Section 3,3,5.674071311950684,446.0,5.674071311950684,solid,sampled
A1-03,Section 3,3,5.692469596862793,447.0,5.692469596862793,solid,sampled
A1-03,Section 3,3,5.735173225402832,448.0,5.735173225402832,solid,sampled
A1-03,Section 3,3,5.809053421020508,449.0,5.809053421020508,solid,sampled
A1-03,Section 3,3,5.9383440017700195,450.0,5.9383440017700195,solid,sampled
A1-03,Section 3,3,6.08570671081543,451.0,6.08570671081543,solid,sampled
A1-03,Section 3,3,6.246301174163818,452.0,6.246301174163818,solid,sampled
A1-03,Section 3,3,6.366005897521973,453.0,6.366005897521973,solid,sampled
A1-03,Section 3,3,6.544428825378418,454.0,6.544428825378418,solid,sampled
A1-03,Section 3,3,6.872291564941406,455.0,6.872291564941406,solid,sampled
A1-03,Section 3,3,7.23957633972168,456.0,7.23957633972168,solid,sampled
A1-03,Section 3,3,7.631665229797363,457.0,7.631665229797363,solid,sampled
A1-03,Section 3,3,7.990265846252441,458.0,7.990265846252441,solid,sampled
A1-03,Section 3,3,8.562393188476562,459.0,8.562393188476562,solid,sampled
A1-03,Section 3,3,8.962706565856934,460.0,8.962706565856934,solid,sampled
A1-03,Section 3,3,9.64980411529541,461.0,9.64980411529541,solid,sampled
A1-03,Section 3,3,9.859601974487305,462.0,9.859601974487305,solid,sampled
A1-03,Section 3,3,10.079278945922852,463.0,10.079278945922852,solid,sampled
A1-03,Section 3,3,10.395484924316406,464.0,10.395484924316406,solid,sampled
A1-03,Section 3,3,10.603116035461426,465.0,10.603116035461426,solid,sampled
A1-03,Section 3,3,10.679201126098633,466.0,10.679201126098633,solid,sampled
A1-03,Section 3,3,10.597108840942383,467.0,10.597108840942383,solid,sampled
A1-03,Section 3,3,10.46270751953125,468.0,10.46270751953125,solid,sampled
A1-03,Section 3,3,10.398984909057617,469.0,10.398984909057617,solid,sampled
A1-03,Section 3,3,10.423165321350098,470.0,10.423165321350098,solid,sampled
A1-03,Section 3,3,10.151209831237793,471.0,10.151209831237793,solid,sampled
A1-03,Section 3,3,9.999954223632812,472.0,9.999954223632812,solid,sampled
A1-03,Section 3,3,9.9497709274292,473.0,9.9497709274292,solid,sampled
A1-03,Section 3,3,9.785530090332031,474.0,9.785530090332031,solid,sampled
A1-03,Section 3,3,9.816614151000977,475.0,9.816614151000977,solid,sampled
A1-03,Section 3,3,9.592331886291504,476.0,9.592331886291504,solid,sampled
A1-03,Section 3,3,9.24960994720459,477.0,9.24960994720459,solid,sampled
A1-03,Section 3,3,9.016851425170898,478.0,9.016851425170898,solid,sampled
A1-03,Section 3,3,8.79422664642334,479.0,8.79422664642334,solid,sampled
A1-03,Section 3,3,8.750195503234863,480.0,8.750195503234863,solid,sampled
A1-03,Section 3,3,8.61991024017334,481.0,8.61991024017334,solid,sampled
A1-03,Section 3,3,8.737541198730469,482.0,8.737541198730469,solid,sampled
A1-03,Section 3,3,8.87544059753418,483.0,8.87544059753418,solid,sampled
A1-03,Section 3,3,8.945526123046875,484.0,8.945526123046875,solid,sampled
A1-03,Section 3,3,9.07735824584961,485.0,9.07735824584961,solid,sampled
A1-03,Section 3,3,9.702493667602539,486.0,9.702493667602539,solid,sampled
A1-03,Section 3,3,9.716795921325684,487.0,9.716795921325684,solid,sampled
A1-03,Section 3,3,9.838597297668457,488.0,9.838597297668457,solid,sampled
A1-03,Section 3,3,10.313339233398438,489.0,10.313339233398438,solid,sampled
A1-03,Section 3,3,11.148933410644531,490.0,11.148933410644531,solid,sampled
A1-03,Section 3,3,11.540684700012207,491.0,11.540684700012207,solid,sampled
A1-03,Section 3,3,0.0,492.0,,dotted,null_fill
A1-03,Section 3,3,0.0,493.0,,dotted,null_fill
A1-03,Section 3,3,0.0,494.0,,dotted,null_fill
A1-03,Section 3,3,0.0,495.0,,dotted,null_fill
A1-03,Section 3,3,0.0,496.0,,dotted,null_fill
A1-03,Section 3,3,0.0,497.0,,dotted,null_fill
A1-03,Section 3,3,0.0,498.0,,dotted,null_fill
A1-03,Section 3,3,0.0,499.0,,dotted,null_fill
A1-03,Section 3,3,0.0,500.0,,dotted,null_fill
A1-03,Section 3,3,0.0,501.0,,dotted,null_fill
A1-03,Section 3,3,0.0,502.0,,dotted,null_fill
A1-03,Section 3,3,0.0,503.0,,dotted,null_fill
A1-03,Section 3,3,0.0,504.0,,dotted,null_fill
A1-03,Section 3,3,0.0,505.0,,dotted,null_fill
A1-03,Section 3,3,0.0,506.0,,dotted,null_fill
A1-03,Section 3,3,0.0,507.0,,dotted,null_fill
A1-03,Section 3,3,0.0,508.0,,dotted,null_fill
A1-03,Section 3,3,0.0,509.0,,dotted,null_fill
A1-03,Section 3,3,0.0,510.0,,dotted,null_fill
A1-03,Section 3,3,0.0,511.0,,dotted,null_fill
A1-03,Section 3,3,0.0,512.0,,dotted,null_fill
A1-03,Section 3,3,0.0,513.0,,dotted,null_fill
A1-03,Section 3,3,0.0,514.0,,dotted,null_fill
A1-03,Section 3,3,0.0,515.0,,dotted,null_fill
A1-03,Section 3,3,0.0,516.0,,dotted,null_fill
A1-03,Section 3,3,0.0,517.0,,dotted,null_fill
A1-03,Section 3,3,0.0,518.0,,dotted,null_fill
A1-03,Section 3,3,0.0,519.0,,dotted,null_fill
A1-03,Section 3,3,0.0,520.0,,dotted,null_fill
A1-03,Section 3,3,0.0,521.0,,dotted,null_fill
A1-03,Section 3,3,0.0,522.0,,dotted,null_fill
A1-03,Section 3,3,0.0,523.0,,dotted,null_fill
A1-03,Section 3,3,0.0,524.0,,dotted,null_fill
A1-03,Section 3,3,0.0,525.0,,dotted,null_fill
A1-03,Section 3,3,0.0,526.0,,dotted,null_fill
A1-03,Section 3,3,0.0,527.0,,dotted,null_fill
A1-03,Section 3,3,0.0,528.0,,dotted,null_fill
A1-03,Section 3,3,0.0,529.0,,dotted,null_fill
A1-03,Section 3,3,0.0,530.0,,dotted,null_fill
A1-03,Section 3,3,0.0,531.0,,dotted,null_fill
A1-03,Section 3,3,0.0,532.0,,dotted,null_fill
